,Unnamed: 0,사업장명,카페이름,별점,방문자리뷰수,블로그리뷰수,주소,영업시간,전화번호,연결사이트,설명,메뉴,키워드
0,0,남부동 헤이트먼데이 경산,헤이트먼데이,4.61,202,140,경북 경산시 강변동로 106-1 헤이트먼데이,"11:00 - 22:00
21:50 라스트오더",010-2601-8896,http://instagram.com/hatemonday.gyeongsan,"""월요일이 싫은 우리들의 여유로운 공간, 헤이트먼데이 입니다.""",공사중,"""{'커피가 맛있어요': '38', '디저트가 맛있어요': '32', '음료가 맛있어요': '25', '친절해요': '25', '인테리어가 멋져요': '20'}"""
1,1,중방동 아마랑뜨,아마랑뜨,4.57,117,44,경북 경산시 강변동로 150-9,11:00 - 18:00,010-8233-6247,https://www.instagram.com/amarante_cafe,"""NO INFO""",공사중,"""{'디저트가 맛있어요': '47', '인테리어가 멋져요': '30', '친절해요': '27', '커피가 맛있어요': '19', '매장이 청결해요': '17'}"""
2,2,중방동 세이버커피,세이버커피,4.91,74,44,경북 경산시 강변동로 164 2층 세이버커피,13:00 - 18:00,053-802-0802,https://blog.naver.com/savourcoffee,"""Roasters & Lab
저희 매장은 두 명의 Q-Grader가 매일 엄선한 신선한 생두를 로스팅하여 커피를 제공합니다.
원두납품 및 교육문의 053.802.0802""",공사중,"""{'커피가 맛있어요': '39', '매장이 청결해요': '24', '친절해요': '21', '뷰가 좋아요': '16', '음료가 맛있어요': '13'}"""
3,3,중앙동 허니데이,허니데이,4.81,199,145,경북 경산시 강변서로 193 1층 허니데이,NO INFO,053-814-7921,http://instagram.com/_honeyday_,"""편안한 공간이 되길 바래요
허니데이의 에스프레소 원두는
에티오피아 예가체프(Ethiopia yirgacheffe)와 과테말라 안티구아(guatemala antigua)를 블렌딩한 원두로 구운 아몬드의 고소함과 다크초콜릿의 쌉싸름함, 묵직한 바디감을 느낄 수 있어요

추천커피는 크림치즈라떼
추천음료는 크림쑥라떼 입니다""",공사중,"""{'커피가 맛있어요': '49', '디저트가 맛있어요': '39', '친절해요': '37', '인테리어가 멋져요': '30', '음료가 맛있어요': '24'}"""
4,4,서부2동 논팔로우,논팔로우,초기값,134,73,경북 경산시 강변서로 237 1층,12:00 - 22:00,0507-1303-1404,http://instagram.com/nonfollow_,"""커피와 케이크가 맛있는 채광맛집 감성 카페""",공사중,"""{'커피가 맛있어요': '66', '인테리어가 멋져요': '54', '매장이 청결해요': '46', '디저트가 맛있어요': '45'}"""
5,5,서부2동 팔롬비니,팔롬비니,초기값,96,7,경북 경산시 강변서로 243,10:30 - 22:00,070-4024-5567,NO INFO,"""2층 테라스에서 보이는 강변뷰와 잔잔한 바람에 머리결이 날리는 편안한 카페입니다.교황청 납품 커피의 진한 이탈리아 에스프레소를 경험할수있는 흔치 않는 곳으로 이벤트로 펼쳐지는 한여름밤의 테라스 와인 파티는 황홀합니다.""",공사중,"""{'커피가 맛있어요': '33', '친절해요': '31', '음료가 맛있어요': '28', '매장이 청결해요': '27'}"""
6,6,서부1동 눈꽃이피다,눈꽃이피다,4.55,95,초기값,경북 경산시 경산로 105-1 눈꽃이피다,NO INFO,010-9452-7172,NO INFO,"""사계절 눈꽃빙수전문점 입니다^^""",공사중,"""{'친절해요': '29', '가성비가 좋아요': '18', '음식이 맛있어요': '16', '특별한 메뉴가 있어요': '15', '디저트가 맛있어요': '14'}"""
7,7,서부1동 안녕고양이,안녕고양이,초기값,32,5,경북 경산시 경산로 165 우성빌딩 1층,NO INFO,0507-1349-4010,https://blog.naver.com/eunsuk5233,"""안녕하세요 안녕고양이입니다
경산 유일 고양이카페 자리하고있는 안녕고양이 카페 입니다.
뱅갈고양이전문 분양""",공사중,"""{'친절해요': '25', '동물을 배려한 환경이에요': '17', '주차하기 편해요': '15', '시설이 깔끔해요': '12'}"""
8,8,서부2동 스트로베리문,스트로베리문,초기값,163,43,경북 경산시 경산로 280 상가 B동 37호,NO INFO,0507-1427-6408,https://smartstore.naver.com/strawberrymoon1,"""* 서울에서도 택배시켜 먹는 디저트 맛집! * 모든 메뉴 는 12년 경력의 파티시에가 만들고 있습니다. *사용하 는 주요 재료 소개 - 모든 휘낭시에/케이크시트/...""",공사중,"""{'디저트가 맛있어요': '108', '특별한 메뉴가 있어요': '71', '친절해요': '66', '매장이 청결해요': '44'}"""
9,9,서부1동 가비가,가비가,4.41,24,초기값,경북 경산시 경산로13길 29-10 카페 가비가,NO INFO,0507-1346-5687,https://gaviga.modoo.at,"""저희 가비가는 직접 선별한 원두로 로스팅하여 커피를 추출합니다
더치커피 또한 선별한 원두를 블랜딩하여 내립니다.
수제 꽃차는 식용꽃을 직접 건조하여 꽃에 따라 덖는 횟수가 다르며, 효능의 도움을 주는 중점으로 작업합니다.
수제 마카롱은 직접 꼬끄를 먼저 만들어내고 필링은 좋은치즈로만 사용라며, 달지않게 만듭니다""",공사중,"""{'친절해요': '10', '디저트가 맛있어요': '7', '음료가 맛있어요': '7', '커피가 맛있어요': '5', '사진이 잘 나와요': '5'}"""
10,10,남부동 스윗플롭,스윗플롭,초기값,32,19,경북 경산시 경산로13길 3-12 1층 스윗플롭,NO INFO,0507-1351-4308,https://96374308.modoo.at,"""안녕하세요 스윗플롭은 방문해 주시는 모든 분들이 달 콤한 디저트와 커피한잔을 하며 행복감을 채우고 가실 수 있는 공간이고 싶습니다 옥곡동 카페로 언제 ...""",공사중,"""{'디저트가 맛있어요': '26', '커피가 맛있어요': '21', '친절해요': '18', '매장이 청결해요': '18'}"""
11,11,서부1동 카페로아,카페로아,초기값,20,1,경북 경산시 경산로16길 15,10:30 - 23:30,0507-1346-2486,NO INFO,"""NO INFO""",공사중,"""{'커피가 맛있어요': '3', '매장이 청결해요': '3', '대화하기 좋아요': '3', '디저트가 맛있어요': '2'}"""
12,12,서부1동 코모커피,코모커피,4.44,138,20,경북 경산시 경산로16길 2 1층 코모커피,NO INFO,0507-1396-5433,https://instagram.com/como_coffee?igshid=tacao9k7zmig,"""소량 원두 판매를 하고 있습니다.
예약하고 매장영업시간 내에 찾으러 오시면 됩니다.
원두는 원하시는 시간 최소1시간 전에 주문해주셔야합니다.
(갈아 드릴수도 있습니다.)

영업시간

월~금 08:00-22:00
토 11:00-22:00
일 휴무
개인사정으로 일찍 마칠수 있습니다.

기본적인 커피음료도 즐기실수 있습니다.
드셔 보시고 원두 구매할수 있습니다.""",공사중,"""{'커피가 맛있어요': '42', '친절해요': '30', '음료가 맛있어요': '25', '가성비가 좋아요': '21', '대화하기 좋아요': '17'}"""
13,13,서부1동 꿀리로스팅랩,꿀리로스팅랩,4.29,68,43,경북 경산시 경산로34길 7-9,11:00 - 21:00,0507-1322-2461,http://coulisroasting.modoo.at,"""원두전문카페 꿀리로스팅랩입니다. 그해 생산되는 원두 를 샘플링 작업을 통해 최상급 원두를 제공하고 있으며 꿀리로스팅랩의 모든 커피는 스페셜티 등급원두...""",공사중,"""{'커피가 맛있어요': '11', '음료가 맛있어요': '6', '대화하기 좋아요': '4', '디저트가 맛있어요': '3', '친절해요': '3'}"""
14,14,서부1동 쏠트3.5,쏠트3.5,4.61,40,15,경북 경산시 경산로40길 24,09:30 - 22:00,010-4170-9733,NO INFO,"""바닷물의 소금의 농도는 3.5%입니다. 넘치지도, 모자라지도 않아 바닷물을 썩지 않게 하며, 모든 생물들이 조화롭게 살아갈 수 있도록 하는 소금의 역할을 작은 카페에서 시작합니다.""",공사중,"""{'커피가 맛있어요': '9', '디저트가 맛있어요': '3', '친절해요': '3', '음료가 맛있어요': '2', '인테리어가 멋져요': '2'}"""
15,15,서부2동 커피매거진 중산점,커피매거진 옥산점,초기값,26,12,경북 경산시 경산로42길 4 소담골입구 옆건물,13:00 - 01:00,0507-1371-3975,https://www.instagram.com/coffeemagazine__kk,"""NO INFO""",공사중,"""{'친절해요': '5', '음료가 맛있어요': '4', '커피가 맛있어요': '3', '디저트가 맛있어요': '3'}"""
16,16,서부2동 토닷커피,토닷커피,초기값,90,31,경북 경산시 경산로54길 27 104호,11:00 - 22:00,0507-1362-2735,https://www.instagram.com/todot.coffee/?igshid=YmMyMTA2M2Y%3D,"""토닷커피는 전문 로스터가 로스팅한 스페셜티 원두를 사용하고있습니다. 전좌석 콘센트배치, 노트북 사용가능합니다. 건물뒷편에 넓은 주차장이 있습니다. 4시간무료이용""",공사중,"""{'친절해요': '42', '커피가 맛있어요': '41', '음료가 맛있어요': '28', '매장이 청결해요': '25'}"""
17,17,서부1동 마실커피 옥곡점,마실커피 옥곡점,초기값,249,6,경북 경산시 경산로7길 4-3 마실커피,08:00 - 01:00,053-816-1238,NO INFO,"""NO INFO""",공사중,"""{'커피가 맛있어요': '118', '가성비가 좋아요': '86', '친절해요': '72', '음료가 맛있어요': '62'}"""
18,18,중앙동 커피특별시 본점,커피특별시 본점,초기값,47,1,경북 경산시 경안로 204,08:00 - 21:00,0507-877-3540,https://100원커피이벤트-선착순주문하기.com,"""가성비 최고는 바로 1L 커피특별시! 저희 매장은 [패스오더 앱]으로 편하게 주문이 가능한 매장입니다!""",공사중,"""{'커피가 맛있어요': '25', '친절해요': '23', '가성비가 좋아요': '23', '음료가 맛있어요': '21'}"""
19,19,중앙동 월든,월든,초기값,175,99,경북 경산시 경안로21길 17-2 삼신하이츠 근방주차 까꼬보까 사이길10m,11:00 - 19:00,053-815-2880,https://www.instagram.com/,"""오래된 돌담길 끝자락에 유럽풍 예쁘고 아기자기한 서 프라이즈카페 마당에 새들이 찾아 저저귀는 힐링카페 녹색의 푸르름과 예쁜 꽃들이 찾은 이의 마음을 ...""",공사중,"""{'커피가 맛있어요': '47', '인테리어가 멋져요': '37', '친절해요': '27', '뷰가 좋아요': '23', '매장이 청결해요': '22'}"""
20,20,중앙동 카페윤슬,카페 윤슬,초기값,71,4,경북 경산시 경안로29길 36 1층 카페윤슬,"11:00 - 21:00
20:00 라스트오더",0507-1491-5802,NO INFO,"""안녕하세요!
23년 4월 신규오픈한 카페윤슬입니다 :)

매장뒷편에 넉넉한 주차공간 있습니당 !
(카센터와 매장 사이길로 들어와서 오른쪽!)""",공사중,"""{'커피가 맛있어요': '56', '디저트가 맛있어요': '38', '친절해요': '36', '인테리어가 멋져요': '29'}"""
21,21,남부동 담소,담소,초기값,46,3,경북 경산시 경안로31길 19,NO INFO,0507-1491-7558,NO INFO,"""최상의 신선한 제료사용 고객을 왕처름 모십니다""",공사중,"""{'커피가 맛있어요': '23', '친절해요': '19', '음료가 맛있어요': '10', '가성비가 좋아요': '10'}"""
22,22,중방동 댄싱컵 경산중방점,댄싱컵 경산중방점,초기값,199,20,경북 경산시 경안로38길 18 1층,07:00 - 20:30,0507-1426-1010,http://www.dancingcup.co.kr,"""High-quality Low-price coffe.""",공사중,"""{'커피가 맛있어요': '113', '친절해요': '59', '매장이 청결해요': '45', '음료가 맛있어요': '42'}"""
23,23,중방동 또리커피 경산점,커피프렌즈,4.54,102,49,경북 경산시 경안로38길 25-1 1층 커피프렌즈,"08:00 - 24:00
23:30 라스트오더",0507-1461-0324,NO INFO,"""(구)동백카페에서 커피프렌즈로 새롭게 시작합니다. 미쿡핫도그와 와플 떡뽁이등 음료를 함께 즐길수 있는 매력적인분위기 감성을 느껴보세요.""",공사중,"""{'친절해요': '34', '커피가 맛있어요': '31', '음료가 맛있어요': '23', '가성비가 좋아요': '18', '디저트가 맛있어요': '14'}"""
24,24,중방동 시레나커피,시레나커피 & 눈꽃빙수,4.5,37,초기값,경북 경산시 경안로39길 41,NO INFO,050-7996-7991,NO INFO,"""NO INFO""",공사중,"""{'디저트가 맛있어요': '8', '커피가 맛있어요': '7', '음료가 맛있어요': '3', '가성비가 좋아요': '2', '좌석이 편해요': '1'}"""
25,25,중방동 콤마398,COMMA398,초기값,13,2,경북 경산시 경안로39길 8 1층 가게 콤마398,NO INFO,0506-515-3343,https://www.instagram.com/comma398,"""부모님이 하시던 음식점을 카페로 바꿔보았습니다. 흔히 말하는 감성카페 분위기는 아니지만, 편히 쉬었다 갈 수 있는 공간이 되기를 바랍니다. 1인가게로 커피와 간단한 빵류를 팔아요!""",공사중,"""{'디저트가 맛있어요': '11', '커피가 맛있어요': '9', '아늑해요': '9', '음료가 맛있어요': '8'}"""
26,26,중방동 라벨라수,라벨라수,4.6,86,26,경북 경산시 경안로41길 51-8 라벨라수,10:00 - 20:00,0507-1402-6629,https://blog.naver.com/labellasu,"""special macaron shop, labella su!! 경산 수제 마카 롱, 디저트 카페 라벨라수입니다 :) 매일매일 맛있게 좋 은 재료들을 가득 담아 만든 디저트들을 만나보...""",공사중,"""{'디저트가 맛있어요': '35', '친절해요': '26', '커피가 맛있어요': '24', '특별한 메뉴가 있어요': '13', '아늑해요': '9'}"""
27,27,중방동 1LL 미니멀스토어 1호점,1LL 미니멀스토어 1호점,초기값,43,11,경북 경산시 경안로44길 16 1층,08:00 - 19:00,0507-1399-4571,http://pf.kakao.com/_xapxeYxj,"""* 주문 및 예약 - 카카오톡 검색 1LL 미니멀스토어 1호점

안녕하세요.

1LL 미니멀스토어 1호점은, 2015년에 오픈한 1LL(일)의 또 다른 도전입니다.

저희는 언제나 원재료를 가장 중요하게 생각하며, 좋은 원재료를 선택해 그 재료의 개성을 극대화하는 것을 목표로 하고 있습니다. 이번 1LL 미니멀스토어 역시 같은 철학 속에서 탄생시킨 브랜드입니다.

미니멀스토어의 핵심은 스페셜티, 마이크로랏처럼 높은 수준의 단일품종 원두를 아주 합리적인 가격으로 제공하는 것이 목표입니다.

아프리카, 아메리카, 아시아(오세아니아 포함) 대륙에서 온 밝게 볶은(Light Roasting) 단일품종(Single Origin) 원두를 선택해서 오직 필터커피로만 드실 수 있으며, 원두는 상시 변경됩니다.

원두는 생두의 가격에 따라 달라질 수 있지만, 항상 2,900원에 이용하실 수 있는 원두는 구비되어 있습니다. 또한 가끔씩 제공하는 게이샤 품종처럼 값비싼 원두도 다른 어떤 곳보다 합리적인 가격으로 제공한다고 자부합니다.

추가로 커피와 함께 즐길 수 있도록 휘낭시에를 직접 반죽, 제조해서 판매하고 있습니다.""",공사중,"""{'커피가 맛있어요': '42', '가성비가 좋아요': '25', '디저트가 맛있어요': '23', '인테리어가 멋져요': '23'}"""
28,28,북부동 카페페이퍼,페이퍼,초기값,105,127,경북 경산시 경안로67길 2-13 페이퍼,11:30 - 22:00,0507-1355-4843,https://www.instagram.com/cafe_paper_,"""힙한감성에 사진이 잘나오는 카페. 이쁜 악세사리도 같이 구경할 수 있어요.
레스토랑에 가야 먹을 수 있는 브루스케타를 카페에서 간편히 즐길 수 있습니다.""",공사중,"""{'디저트가 맛있어요': '71', '커피가 맛있어요': '62', '특별한 메뉴가 있어요': '52', '음료가 맛있어요': '49'}"""
29,29,북부동 바흐에스프레소,바흐에스프레소,초기값,93,116,경북 경산시 경안로67길 4-9 1층 바흐 에스프레소,NO INFO,0507-1491-6606,https://www.instagram.com/bach_espresso,"""우린 집 밖에서도 쉴 곳이 필요해요, 부디 편히 쉬었다 가세요.""",공사중,"""{'커피가 맛있어요': '70', '친절해요': '55', '디저트가 맛있어요': '29', '매장이 청결해요': '27', '음료가 맛있어요': '23', '인테리어가 멋져요': '23', '사진이 잘 나와요': '19', '특별한 메뉴가 있어요': '19', '가성비가 좋아요': '9', '대화하기 좋아요': '5', '주차하기 편해요': '3', '집중하기 좋아요': '3', '좌석이 편해요': '2', '차분한 분위기에요': '1', '컨셉이 독특해요': '1', '아늑해요': '1', '음식이 맛있어요': '1', '음악이 좋아요': '1', '화장실이 깨끗해요': '1'}"""
30,30,북부동 카페에콜로지아,카페 에콜로지아,4.66,59,초기값,경북 경산시 경안로69길 7,NO INFO,053-811-5677,NO INFO,"""NO INFO""",공사중,"""{'커피가 맛있어요': '14', '친절해요': '11', '음료가 맛있어요': '6', '가성비가 좋아요': '4', '디저트가 맛있어요': '3'}"""
31,31,북부동 카페텀즈업,카페 텀즈업,4.69,57,초기값,경북 경산시 경안로69길 9 대평그린빌 정문 카페텀즈업,11:00 - 21:00,0507-1439-4477,NO INFO,"""*CAFE THUMBSUP* # 스페셜티 등급의 원두만을 사용합니다: ) (신맛이 느껴지는 원두) # 소량 단체 주 문은 ((꼭꼭)) 최소 2일 전, 대량 단체 주문은 ((...""",공사중,"""{'친절해요': '27', '매장이 청결해요': '15', '가성비가 좋아요': '13', '디저트가 맛있어요': '12', '특별한 메뉴가 있어요': '9', '커피가 맛있어요': '8', '음식이 맛있어요': '8', '음료가 맛있어요': '5', '인테리어가 멋져요': '5', '좌석이 편해요': '4', '대화하기 좋아요': '4', '재료가 신선해요': '2', '혼밥하기 좋아요': '1', '양이 많아요': '1', '집중하기 좋아요': '1'}"""
32,32,남부동 노멀즈커피,노멀즈커피,4.4,57,20,경북 경산시 경청로217길 3-11 백자산하이츠 1층상가,"09:00 - 19:00
18:50 라스트오더",0507-1405-5208,http://instagram.com/normals_coffee,"""모든분들 환영합니다. 이곳에서 좋은맛, 좋은분위기, 좋은음악으로 힐링하실수있도록 노력할께요^^""",공사중,"""{'커피가 맛있어요': '28', '친절해요': '22', '매장이 청결해요': '22', '디저트가 맛있어요': '18', '음료가 맛있어요': '13'}"""
33,33,남부동 카페나무,카페나무 사랑백천점,4.67,115,초기값,경북 경산시 경청로217길 7-14,10:00 - 24:00,053-816-5008,NO INFO,"""고급 원두를 사용해 풍미가 좋은 커피~ 맛나다요^^
수제 음료가 많은 까페~
건강까지 챙길 수 있다는^^(자몽, 생강, 청귤, 레몬, 단호박라떼, 고구마라떼, 플레인요거트 등~)
예쁜 까페에서 커피 마시며 취미활동도 함께해요~""",공사중,"""{'커피가 맛있어요': '56', '친절해요': '37', '음료가 맛있어요': '25', '대화하기 좋아요': '17', '디저트가 맛있어요': '14'}"""
34,34,남부동 제이제이커피 백천점,제이제이커피,4.39,51,초기값,경북 경산시 경청로219길 4-6,10:00 - 23:50,NO INFO,NO INFO,"""저희 제이제이커피 본사는 신선한 일등급 커피를 이디오피아에서 직접 수입하여 핸즈커피 로스터 공장에서 직접로스팅합니다.
가성비 있는 가격으로 고퀄리티 커피를 제공하고
 있습니다.

싸다 맛있다.""",공사중,"""{'커피가 맛있어요': '17', '가성비가 좋아요': '6', '디저트가 맛있어요': '3', '음료가 맛있어요': '3', '친절해요': '3', '특별한 메뉴가 있어요': '3', '주차하기 편해요': '1', '매장이 청결해요': '1', '대화하기 좋아요': '1'}"""
35,35,남부동 티플레이스,티플레이스,4.95,704,초기값,경북 경산시 경청로221길 3,10:00 - 23:00,053-215-9533,NO INFO,"""차를 마시면서 소통할수 있는 티플레이스입니다~

냉동빵이 아닌 직접반죽하여 만드는 핸드메이드 와플

100%핸드메이드 수제청도 다양하게 있습니다~~^^""",공사중,"""{'커피가 맛있어요': '37', '친절해요': '27', '음료가 맛있어요': '23', '가성비가 좋아요': '23', '디저트가 맛있어요': '14'}"""
36,36,남부동 카페 포무스,카페포무스,초기값,52,17,경북 경산시 경청로230길 14-9 2층,NO INFO,0507-1419-8815,https://www.instagram.com/cafe_pomus/,"""다양한 당도 좋은 생과일 및 과일음료 , 커피, 디저트를 판매하는 생과일 전문 카페로 과일도 따로 판매하고 있습니다.

 생과일 음료를 주문하실 경우, 생과일 손질에 드는 시간으로 인해 평균 5~10분가량의 대기 시간이 필요합니다. 미리 전화로 주문을 주실 경우 대기시간을 최소화 하실 수 있습니다. 항상 더 좋은 모습 보여드리는 카페 포무스가 되겠습니다.
감사합니다.

 주차는 건물 앞 3자리, 건물 바로 뒷편에 공터를 이용하실 수 있습니다.

 과일의 시세에 따라 가격이 변동될 수 있습니다.""",공사중,"""{'음료가 맛있어요': '36', '재료가 신선해요': '27', '친절해요': '26', '디저트가 맛있어요': '23'}"""
37,37,남천면 크레센트,카페 크레센트,4.65,106,39,경북 경산시 경청로230길 19 1층,09:00 - 22:00,0507-1336-8593,http://instagram.com/crescent.mo0n,"""낮에는 예쁘고 밤에는 분위기있는 
카페 크레센트입니다~♡

여심저격 인테리어와 편안한 단체석
아기자기한 소품, 맛있는 커피가 있는곳~♡

다양한 수제 디저트와 시그니처 음료인 
문(moon)시리즈 드시러 오세요~♡""",공사중,"""{'커피가 맛있어요': '32', '인테리어가 멋져요': '25', '음료가 맛있어요': '19', '친절해요': '16', '디저트가 맛있어요': '15'}"""
38,38,북부동 담쟁이부엌,담쟁이부엌,4.32,26,초기값,경북 경산시 계양로35길 33-4,12:00 - 14:00,053-201-0810,NO INFO,"""NO INFO""",공사중,"""{'친절해요': '4', '가성비가 좋아요': '4', '대화하기 좋아요': '4', '인테리어가 멋져요': '3', '사진이 잘 나와요': '3'}"""
39,39,중앙동 카페폰드,카페폰드,4.33,403,182,경북 경산시 계양로37길 27-1,NO INFO,053-813-2700,http://instagram.com/cafefond,"""NO INFO""",공사중,"""{'뷰가 좋아요': '86', '커피가 맛있어요': '75', '음료가 맛있어요': '44', '디저트가 맛있어요': '30', '대화하기 좋아요': '29'}"""
40,40,북부동 카페베풂,카페베풂,4.86,45,18,경북 경산시 남매공원로2길 16 102호,NO INFO,0507-1462-2230,https://www.instagram.com/cafe_bepoom,"""NO INFO""",공사중,"""{'디저트가 맛있어요': '21', '친절해요': '21', '매장이 청결해요': '21', '커피가 맛있어요': '18', '음료가 맛있어요': '16'}"""
41,41,북부동 코히 kkohi,코히 kkohi,초기값,40,94,경북 경산시 남매공원로2길 22-1 1층,휴무,0507-1329-1674,https://www.instagram.com/kkohi_roasters/,"""안녕하세요. kkohi_roasters입니다. 코히는 에스프레소와 드립 커피를 전문으로 내세우고 있는 카페입니다.""",공사중,"""{'커피가 맛있어요': '31', '친절해요': '21', '디저트가 맛있어요': '17', '특별한 메뉴가 있어요': '17'}"""
42,42,북부동 그린보트커피,그린보트커피 본점,4.93,193,143,경북 경산시 남매공원로2길 24-1 1층 그린보트커피,08:00 - 21:00,0507-1457-4247,https://www.instagram.com/greenboat_coffee,"""Daily coffee shop""",공사중,"""{'커피가 맛있어요': '149', '뷰가 좋아요': '52', '친절해요': '42', '매장이 청결해요': '40', '인테리어가 멋져요': '33'}"""
43,43,북부동 쿠프,쿠프,초기값,121,120,경북 경산시 남매공원로2길 8-1 1층,NO INFO,0507-1322-9420,https://www.instagram.com/welcome.coupe,"""COUPE는 아이들이 먹어도 안전한 프랑스 밀을사용하여 빵을 만듭니다. 매일 아침 굽는 빵으로 샌드위치와 음료를 제공합니다.""",공사중,"""{'디저트가 맛있어요': '66', '커피가 맛있어요': '65', '친절해요': '61', '특별한 메뉴가 있어요': '48', '매장이 청결해요': '41', '빵이 맛있어요': '36', '인테리어가 멋져요': '34', '음료가 맛있어요': '25', '사진이 잘 나와요': '15', '뷰가 좋아요': '9', '대화하기 좋아요': '8', '주차하기 편해요': '6', '가성비가 좋아요': '6', '좌석이 편해요': '4', '음식이 맛있어요': '3', '집중하기 좋아요': '3', '건강한 맛이에요': '2', '재료가 신선해요': '1', '양이 많아요': '1'}"""
44,44,남산면 슈가립스,슈가립스,4.52,68,초기값,경북 경산시 남산면 삼성현공원로 59,NO INFO,054-3121-2342,NO INFO,"""NO INFO""",공사중,"""{'친절해요': '12', '음료가 맛있어요': '9', '가성비가 좋아요': '9', '디저트가 맛있어요': '8', '커피가 맛있어요': '6'}"""
45,45,자인면 마마스카페,마마스카페,4.16,93,초기값,경북 경산시 남산면 삼성현공원로 72,NO INFO,053-852-2950,NO INFO,"""NO INFO""",공사중,"""{'친절해요': '14', '커피가 맛있어요': '13', '음료가 맛있어요': '10', '매장이 청결해요': '8', '주차하기 편해요': '6'}"""
46,46,자인면 패브릭피치스,패브릭피치스,초기값,621,274,경북 경산시 남산면 삼성현공원로7길 4,NO INFO,0507-1366-2201,NO INFO,"""유아 동반 가능 (아이의 안전과 다른 고객을 위해 동반 가족분들의 관심 부탁드립니다)
야외 및 지하 테라스 한정 반려 동물 동반 가능 (목줄과 대형견은 입마개 착용 부탁드립니다)""",공사중,"""{'주차하기 편해요': '273', '뷰가 좋아요': '223', '커피가 맛있어요': '194', '인테리어가 멋져요': '184'}"""
47,47,자인면 찰스아노,찰스아노,초기값,142,160,경북 경산시 남산면 삼성현문화길 9 찰스아노,"09:00 - 20:30
20:00 라스트오더",0507-1401-3581,https://www.instagram.com/charlesano_official/,"""Culture, Experience, Share
커피를 마시는 공간을 뛰어넘어 문화와 경험을 공유하는 의미를 담은 복합문화공간입니다.

자연과 함께하는 공간에서 건강한 F&B, 공연, 전시로 새로운 경험을 선사합니다!

다양한 공연, 전시, 이벤트가 펼쳐집니다.

Enjoy Charles !

오전 9시부터 브런치,디저트 식사 가능합니다
찰스아노에서 건강한 아침 식사를 즐겨보세요!""",공사중,"""{'인테리어가 멋져요': '81', '커피가 맛있어요': '73', '뷰가 좋아요': '73', '친절해요': '60'}"""
48,48,자인면 카페퍼즈,카페퍼즈,4.61,461,146,경북 경산시 남산면 상대로 695-11 카페퍼즈,10:30 - 21:00,053-852-0002,https://cafepause.modoo.at/,"""경산 상대온천 부근에 위치한 카페퍼즈입니다. 백양지의 아름다운 풍경과 맑은공기,그리고 맛있는 커피와 디저트를 즐기러 오세요~ 나에게 주는 선물같은 휴식...'퍼즈'입니다~^^""",공사중,"""{'뷰가 좋아요': '126', '커피가 맛있어요': '117', '친절해요': '80', '음료가 맛있어요': '64', '디저트가 맛있어요': '63'}"""
49,49,자인면 백양지 카페,카페백양지,4.42,448,51,경북 경산시 남산면 상대로 695-12 카페백양지,NO INFO,0507-1381-1401,https://www.instagram.com/,"""아름다운 저수지의 뷰를 바로 앞에서 느껴보세요
손수만들고 직접담근 재료로만 만든 브런치와 음료를 맛보세요

최선을 다합니다""",공사중,"""{'커피가 맛있어요': '146', '뷰가 좋아요': '113', '디저트가 맛있어요': '81', '친절해요': '72', '음료가 맛있어요': '61'}"""
50,50,자인면 브리프저니,브리프저니,초기값,316,215,경북 경산시 남산면 어봉지길 251-90,NO INFO,0507-1439-1356,NO INFO,"""coffee house. plant studio. ceramic studio. art shop.
.
Create your Taste.
일상의 가벼운 자극.
.
감각을 채우는 브리프저니로 초대합니다.""",공사중,"""{'커피가 맛있어요': '181', '디저트가 맛있어요': '151', '인테리어가 멋져요': '150', '뷰가 좋아요': '139'}"""
51,51,자인면 머뭄머무르다,머뭄:머무르다,초기값,51,8,경북 경산시 남산면 하남로 324,10:00 - 19:00,0507-1367-9792,https://www.instagram.com/meomum_meomureuda,"""NO INFO""",공사중,"""{'커피가 맛있어요': '38', '음료가 맛있어요': '17', '친절해요': '16', '디저트가 맛있어요': '15'}"""
52,52,북부동 모먼트페이지,모먼트페이지,4.77,121,77,경북 경산시 대동안길 14-4 1층상가,11:30 - 21:30,0507-1343-4230,http://instagram.com/momentpage.coffee,"""NO INFO""",공사중,"""{'친절해요': '25', '커피가 맛있어요': '24', '디저트가 맛있어요': '23', '음료가 맛있어요': '23', '인테리어가 멋져요': '17'}"""
53,53,북부동 비둘기는멍청해보여,비둘기는멍청해보여,4.66,168,141,경북 경산시 대학로 271,12:00 - 22:00,010-9920-5676,NO INFO,"""안녕하세요 카페 비둘기는 멍청해 보여입니다""",공사중,"""{'음료가 맛있어요': '43', '커피가 맛있어요': '42', '인테리어가 멋져요': '37', '디저트가 맛있어요': '30', '대화하기 좋아요': '30'}"""
54,54,북부동 카페 더퍼스트,카페 더 퍼스트,초기값,229,162,경북 경산시 대학로 277,08:00 - 20:00,0507-1328-9111,https://www.instagram.com/cafe_the1st,"""NO INFO""",공사중,"""{'디저트가 맛있어요': '149', '커피가 맛있어요': '148', '친절해요': '129', '음료가 맛있어요': '114'}"""
55,55,북부동 플라플로,플라플로,4.58,229,163,경북 경산시 대학로 281-1 7층,NO INFO,010-4417-5698,http://pf.kakao.com/_EqwKs,"""PLFL(플라플로)는 Placid-flow(잔잔한 흐름, 물결)의 약자로 손님분들의 동선과 시선, 그리고 공간의 확장을 잔잔한 물결에 비유했습니다. 잔잔한 물결이 모...""",공사중,"""{'뷰가 좋아요': '39', '커피가 맛있어요': '35', '친절해요': '28', '디저트가 맛있어요': '26', '음료가 맛있어요': '23'}"""
56,56,북부동 모리커피 영남대점,모리커피 영남대점,초기값,105,18,경북 경산시 대학로 299 104호,"09:00 - 23:30
23:00 라스트오더",0507-872-3858,https://100원커피이벤트-선착순주문하기.com,"""저희 매장은 [패스오더 앱]으로 편하게 주문이 가능한 매장입니다!
앱으로 미리 주문하고 방문 후 기다리지 않는 VIP 경험을 가져보세요!""",공사중,"""{'커피가 맛있어요': '45', '음료가 맛있어요': '43', '가성비가 좋아요': '29', '친절해요': '27'}"""
57,57,압량읍 메가MGC커피 영남대점,메가MGC커피 영남대점,4.73,283,초기값,경북 경산시 대학로 323 메가커피,"08:00 - 24:00
23:45 라스트오더",053-215-7556,NO INFO,"""NO INFO""",공사중,"""{'커피가 맛있어요': '111', '가성비가 좋아요': '102', '음료가 맛있어요': '87', '친절해요': '72', '디저트가 맛있어요': '29'}"""
58,58,서부2동 씨코드커피,씨코드커피,4.6,114,15,경북 경산시 대학로 58 경산2차우방맨션 제111동5호,07:00 - 19:00,0507-1362-1627,http://instagram.com/ccode_coffee,"""매주 새로운 원두를 핸드드립으로 소개해드리고있습니다
맛있는 커피를 제공하기위해 힘쓰고있습니다.
[외부디저트 반입가능합니다]

*정성껏 남겨주신 소중한 리뷰 감사합니다

방문해주신 모든분들께 감사합니다 :D""",공사중,"""{'커피가 맛있어요': '56', '친절해요': '42', '음료가 맛있어요': '20', '매장이 청결해요': '17', '대화하기 좋아요': '13'}"""
59,59,서부2동 하봄 정평점,하봄 정평점,초기값,46,1,경북 경산시 대학로 59-4 1층 카페 하봄,08:30 - 19:00,053-818-0016,NO INFO,"""콜롬비아.브라질산 블렌딩된 원두로 dark하지않으며 부드럽고 고소한 에소프레소를 드실수 있으며 디카페인.헤이즐넛 고급원두를 사용하며 내가족이 먹는다는 생각으로 건겅한 먹거리를 제공하고자 노력하는 하봄입니다
눈꽃빙수.크로플.허니브레드.모카번.크로크무슈등
저렴하고 맛있는 70여종의 음료와베이커리 다양한 메뉴들이 기다리고 있어요:)
많은 이용 부탁드립니다~""",공사중,"""{'커피가 맛있어요': '36', '가성비가 좋아요': '16', '음료가 맛있어요': '11', '디저트가 맛있어요': '7'}"""
60,60,서부2동 더드림커피 경산정평점,더드림커피 경산정평점,초기값,25,3,경북 경산시 대학로 70 경산1차우방맨션 103동 103호,08:00 - 22:00,0507-0289-3973,http://www.thedreamcoffee.co.kr,"""경산시 정평동(정평역3번출구)에 위치한 테이크아웃커피전문점 더드림커피입니다.
더드림커피전문점에서는 고품격의 최고급원두를 제공하고 있으며, 더드림커피전문점의 빙수는 한번만 먹어본 사람이 없을 정도로 재주문율과 가성비1등을 늘 유지하고 있습니다. 배달의민족, 요기요, 쿠팡잇츠를 통해서 집까지 안전하게 배달해 드리고 있으며, 배달시 엎질러지지 않도록 안전하고 꼼꼼하게 포장해서 보내드린답니다. 우리동네 1등 커피맛집 많은 사랑과 격려 부탁드립니다.
대표메뉴 : 1리터보틀커피, 블루베리치즈빙수, 생딸기빙수, 인절미빙수, 밀크팥빙수, 녹차빙수, 망고빙수, 딸기라떼, 망고밀크쉐이크, 딸기요거트스무디, 프리미엄레인보우케익, 프리미엄초코가나쉬케익, 프리미엄당근케익, 프리미엄순수우유크림케익, 춘천명물감자빵, 고구마빵, 더드림크로플, 벌꿀케이크""",공사중,"""{'커피가 맛있어요': '9', '음료가 맛있어요': '9', '가성비가 좋아요': '8', '디저트가 맛있어요': '3'}"""
61,61,서부2동 잇슈,잇슈,초기값,20,8,경북 경산시 대학로12길 15 1층,09:00 - 21:00,0507-5239-3534,NO INFO,"""경산 정평역 3번 출구 근처 카페 잇슈(IT SOHE)입니다.
정평역 3번출구 경산 방향 첫번째 골목에서 우회전 100미터 아래 위치하고 있습니다

커피 음료 와 수제 크림 도넛 수제 에이드 등을 판매하고 있으며,
산미가 있는 맑고 다양한 향을 느낄수 있는 원두와 묵직하면서 고소함이 한층 높은 원두 중 취향에 맞게 골라 드셔 보실 수 있습니다.

수제 도넛은 레몬 크림. 크림 치즈 크림. 블루 베리 크림. 딸기 크림 4가지 종류이며,
직접 담궈 내어 드리는 에이드는 레몬. 블루베리. 자몽. 딸기 4종이 준비 되어있습니다.

흔하지 않은 감성적인 인테리어로 편안한 공간과 맛있는 커피. 도넛. 음료 제공 하고 있으니 많은 방문 부탁드립니다.""",공사중,"""{'인테리어가 멋져요': '18', '커피가 맛있어요': '17', '디저트가 맛있어요': '14', '사진이 잘 나와요': '11'}"""
62,62,서부2동 카페백서향,카페 백서향,4.62,71,초기값,경북 경산시 대학로12길 21-2 1층,10:00 - 20:00,0507-1428-7334,NO INFO,"""NO INFO""",공사중,"""{'친절해요': '34', '커피가 맛있어요': '24', '인테리어가 멋져요': '11', '음료가 맛있어요': '5', '디저트가 맛있어요': '4'}"""
63,63,서부2동 마실커피 정평점,마실커피 정평점,초기값,74,52,경북 경산시 대학로12길 29 101호,08:00 - 23:00,0507-1315-4894,NO INFO,"""안녕하세요, 마실커피정평점입니다. 앞으로 많은 관심과 이용부탁드립니다:)""",공사중,"""{'커피가 맛있어요': '36', '음료가 맛있어요': '24', '친절해요': '23', '가성비가 좋아요': '23'}"""
64,64,서부2동 텐퍼센트 정평역봉춘점,텐퍼센트커피 경산정평역봉춘점,4.42,295,16,경북 경산시 대학로12길 6 111동 1호,09:00 - 22:00,0507-0289-3538,http://tenpercentcoffee.com/,"""텐퍼센트스페셜티커피 경산정평역봉춘점입니다. 저희 매장은 [패스오더 앱]으로 편하게 주문이 가능한 매장입니다!""",공사중,"""{'커피가 맛있어요': '113', '친절해요': '48', '가성비가 좋아요': '45', '음료가 맛있어요': '44', '매장이 청결해요': '20'}"""
65,65,서부2동 레스트인로드,레스트인로드,초기값,145,34,"경북 경산시 대학로13길 91-22 1, 2층",NO INFO,0507-1478-8220,https://www.instagram.com/rest_in_road,"""정평동 브런치 카페로 운영되고 있습니다! 돈까스, 수제버거, 커피, 음료 다양한 종류가 있습니다^^""",공사중,"""{'인테리어가 멋져요': '83', '음료가 맛있어요': '68', '특별한 메뉴가 있어요': '66', '커피가 맛있어요': '62'}"""
66,66,서부2동 올로르,카페 올로르,4.69,43,초기값,경북 경산시 대학로16길 20 1층 서편 첫번째집,11:00 - 18:00,070-8873-8082,NO INFO,"""NO INFO""",공사중,"""{'커피가 맛있어요': '11', '음료가 맛있어요': '8', '친절해요': '8', '인테리어가 멋져요': '3', '대화하기 좋아요': '3'}"""
67,67,중방동 단스부띠끄,단스부띠끄,4.58,65,25,경북 경산시 대학로28길 39 1층 단스부띠끄,NO INFO,0507-1315-2159,http://instagram.com/dans_boutique,"""단스부띠끄는 달달한 디저트 상점입니다. 마카롱, 구움과자, 수제청과 커피와 함께 즐겨보세요^^""",공사중,"""{'디저트가 맛있어요': '15', '음료가 맛있어요': '6', '커피가 맛있어요': '5', '특별한 메뉴가 있어요': '5', '친절해요': '4'}"""
68,68,압량읍 카페퀸,카페퀸,4.29,51,초기값,경북 경산시 대학로32길 17,NO INFO,053-813-8138,NO INFO,"""NO INFO""",공사중,"""{'커피가 맛있어요': '8', '대화하기 좋아요': '6', '매장이 청결해요': '4', '디저트가 맛있어요': '3', '주차하기 편해요': '3'}"""
69,69,압량읍 데일리레코드,데일리레코드,4.56,482,405,경북 경산시 대학로53길 8 1층 데일리레코드 카페,11:30 - 22:00,0507-1300-4160,https://www.instagram.com/cafe_dailyrecord,"""구움과자 단체 예약 받습니다. 단체 예약시 4-5일 전엔 미리 말씀해주셔야 가능합니다. 감사합니다.""",공사중,"""{'디저트가 맛있어요': '299', '커피가 맛있어요': '143', '음료가 맛있어요': '106', '매장이 청결해요': '105', '인테리어가 멋져요': '95'}"""
70,70,북부동 카페솜,카페솜,4.68,75,54,경북 경산시 대학로59길 2 지하 1층,12:00 - 22:30,0507-1336-3673,https://instagram.com/coffee.som?r=nametag,"""보드게임을 즐길 수 있는 아늑한 디저트 카페, 'som' 입니다.

입맛을 사로잡을 다양한 음료와 시그니처 디저트 스모어딥을 맛보실 수 있습니다.

[Option]

- 보드게임
- 좌식형룸
- 파우더룸

Would you like 'som'eting to drink? :)""",공사중,"""{'음료가 맛있어요': '25', '디저트가 맛있어요': '19', '친절해요': '19', '커피가 맛있어요': '14', '대화하기 좋아요': '13'}"""
71,71,북부동 마실커피 영남대점,마실커피 영남대점,4.64,368,238,경북 경산시 대학로61길 19,08:00 - 02:00,053-802-1597,https://www.instagram.com/masil._.coffee,"""NO INFO""",공사중,"""{'커피가 맛있어요': '133', '음료가 맛있어요': '101', '가성비가 좋아요': '93', '친절해요': '85', '매장이 청결해요': '42'}"""
72,72,서부2동 청담커피 경산정평점,청담커피 정평점,초기값,14,3,경북 경산시 대학로8길 25 1층,08:00 - 22:00,0507-1328-2526,https://www.instagram.com/chungdamcoffee_jungpyung,"""High Quality & Low Price
커피의 가격은 합리적으로!
그러나 커피의 품질에는 타협하지 않는 최고급 스페셜티 커피!
최고급 커피와 디저트가 있는 청담커피 입니다.""",공사중,"""{'커피가 맛있어요': '9', '음료가 맛있어요': '7', '친절해요': '7', '특별한 메뉴가 있어요': '7'}"""
73,73,서부2동 램프앤,램프앤,초기값,83,18,경북 경산시 대학로9길 15-1,10:00 - 22:00,053-815-1239,NO INFO,"""경산 정평동 커피맛집, 지하철 정평역에서 2분 거리, 수제케익, 수제디저트, 공간대여(스터디, 파티, 모임, 전시회 등)""",공사중,"""{'커피가 맛있어요': '42', '친절해요': '32', '인테리어가 멋져요': '30', '디저트가 맛있어요': '24'}"""
74,74,서부2동 오이드커피,오이드커피,4.75,63,58,경북 경산시 대학로9길 56-3 3층,NO INFO,0507-1481-8320,https://www.instagram.com/oid_coffee/,"""경산 정평동에 위치한 브런치 카페입니다.""",공사중,"""{'커피가 맛있어요': '31', '디저트가 맛있어요': '28', '매장이 청결해요': '19', '음료가 맛있어요': '18', '친절해요': '17'}"""
75,75,북부동 카페 오비오,카페 오비오,초기값,59,7,경북 경산시 둥지로 72,12:00 - 21:00,010-2134-0080,https://www.instagram.com/cafe_obo,"""경산 임당동에서 음료와 직접 만든 디저트를 판매하고 있습니다 예약 및 포장 가능합니다""",공사중,"""{'커피가 맛있어요': '43', '디저트가 맛있어요': '40', '친절해요': '35', '음료가 맛있어요': '25'}"""
76,76,동부동 스텔라카페,스텔라,4.38,143,19,경북 경산시 들뫼길 306,11:10 - 21:00,053-811-3245,NO INFO,"""NO INFO""",공사중,"""{'뷰가 좋아요': '30', '커피가 맛있어요': '29', '인테리어가 멋져요': '25', '특별한 메뉴가 있어요': '15', '친절해요': '14'}"""
77,77,동부동 카페테디,카페테디,초기값,244,48,경북 경산시 박물관로 29 카페테디 사동 640,NO INFO,0507-1350-4919,https://blog.naver.com/ckh8988,"""어서오세요 '카페테디' 입니다
-
경산 사동 유일한 2층카페
넓은 주차장
1층 테라스
2층 테라스
앤틱한 1층 인테리어
숲에 온듯 한 2층
편안하고 아늑한 분위기
카페 자체가 그냥 포토존
주차장에 전기차 충전소
-
폼페이 머신으로 추출한 크레마 찐한 리얼 커피다양한 디저트
맛은 기본 / 퀄리티
-
위치: 경산시 박물관로 29 [한우리 숯불갈비 옆] 인근에 '경산박물관' '경산세무소' '경산우체국' '경산 법원' 위치
-
-""",공사중,"""{'커피가 맛있어요': '59', '음료가 맛있어요': '47', '친절해요': '39', '디저트가 맛있어요': '30'}"""
78,78,동부동 데일리빈,데일리빈,4.5,298,27,경북 경산시 박물관로 39 1층. 데일리빈,08:00 - 23:00,053-812-8022,NO INFO,"""NO INFO""",공사중,"""{'커피가 맛있어요': '86', '음료가 맛있어요': '38', '친절해요': '37', '매장이 청결해요': '24', '대화하기 좋아요': '24'}"""
79,79,동부동 아틀리에빈 계양점,아틀리에빈계양점,4.6,674,14,경북 경산시 백양로 100,"08:00 - 21:30
21:10 라스트오더",053-814-1305,http://vinn.co.kr,"""영업시간 - 08:00~23:00 연중무휴
주차가능
남, 여 화장실
무료 와이파이
단체석
예약석
포장가능
모든음료 테이크아웃 1000원 할인
모든음료 HOT, COLD 가격 동일
아메리카노 3500원(테이크아웃 1900원), 카페라테 4000원(테이크아웃(2500원)""",공사중,"""{'커피가 맛있어요': '184', '친절해요': '110', '대화하기 좋아요': '84', '음료가 맛있어요': '76', '매장이 청결해요': '72'}"""
80,80,동부동 헤이미쉬,헤이미쉬드레스카페,4.54,61,57,경북 경산시 백양로29길 15-19 1층,11:00 - 22:00,0507-1419-8087,NO INFO,"""NO INFO""",공사중,"""{'커피가 맛있어요': '14', '인테리어가 멋져요': '8', '음료가 맛있어요': '6', '디저트가 맛있어요': '5', '친절해요': '5'}"""
81,81,동부동 리본테이블,리본테이블,4.59,276,115,경북 경산시 백양로34길 2-10 1층,NO INFO,0507-1322-5404,https://blog.naver.com/reborntable,"""무방부제 무색소 무화학첨가물 안전하고 건강한 먹거리 만을 고집하는 사동카페 리본테이블입니다.^^ 유기농 비정제 원당으로 만든 수제과일청, 수제잼, 수제...""",공사중,"""{'친절해요': '81', '음료가 맛있어요': '65', '커피가 맛있어요': '58', '디저트가 맛있어요': '52', '특별한 메뉴가 있어요': '26'}"""
82,82,동부동 카페써니,카페써니,4.31,55,초기값,경북 경산시 백양로35길 1-4 1층 카페써니,09:00 - 22:00,053-201-7227,NO INFO,"""<<< 햇살 가득한 음료를 만드는 써니예요^^ >>>
*수제청을 직접 사용하여 에이드를 만들고,
*수제 건강차는 여러분에게 건강함과 기분좋은 시간을 만들어드릴거예요.
*여름엔 인절미 빙수도 맛있습니다.""",공사중,"""{'커피가 맛있어요': '17', '친절해요': '17', '가성비가 좋아요': '7', '음료가 맛있어요': '5', '매장이 청결해요': '4'}"""
83,83,동부동 페이브잇,페이브잇,4.73,29,67,경북 경산시 백자로 58,NO INFO,0507-1404-7422,http://www.instagram.com/fave.it,"""홀 케이크 / 답례품 / 단체주문 / 카페대관 가능해요 :) 자세한 문의는 카카오채널 혹은 인스타 디엠 부탁드려요 !""",공사중,"""{'인테리어가 멋져요': '5', '사진이 잘 나와요': '5', '커피가 맛있어요': '4', '디저트가 맛있어요': '4', '친절해요': '4'}"""
84,84,동부동 커피콜,커피콜,초기값,43,3,경북 경산시 백자로 76 1층 104호,NO INFO,0507-1455-2392,NO INFO,"""NO INFO""",공사중,"""{'친절해요': '12', '음료가 맛있어요': '10', '커피가 맛있어요': '8', '디저트가 맛있어요': '7'}"""
85,85,동부동 모꼬모찌,모꼬모찌 경산사동점,초기값,25,2,경북 경산시 백자로20길 26 1층,NO INFO,070-8277-7006,https://www.instagram.com/mokkomojji_07082777006,"""경산 사동에 새로 생긴 디저트카페입니다
생과일모찌와 그릭요거트 수제청으로 만드는
각종음료 판매를 합니다
아메리카노 2000원 저렴하지만 맛은 깊은 커피
단맛을 줄인 수제청에이드 라떼!
생과일모찌 (딸기.오렌지.파인.키위.청포도.블랙포도등 생과일이 들어간 찹쌀떡입니다)""",공사중,"""{'디저트가 맛있어요': '19', '친절해요': '18', '매장이 청결해요': '15', '커피가 맛있어요': '7'}"""
86,86,남천면 다이룬,다이룬커피,초기값,158,51,경북 경산시 백천서로 8,NO INFO,0507-1354-6007,http://instagram.com/da_e_roon,"""모든 손님들께 편안한 공간이고 싶습니다. 매장내에서 큰소리는 자제해주시고 이용에 불편한 사항이 있으시면 언제든 말씀 부탁드립니다.
광고/홍보하지 않으니 업체 전화 거절합니다.""",공사중,"""{'커피가 맛있어요': '31', '친절해요': '17', '음료가 맛있어요': '16', '디저트가 맛있어요': '9'}"""
87,87,서부1동 카페휴,카페휴,4.42,119,초기값,경북 경산시 삼성현로 190,NO INFO,053-811-9700,https://cafehue.modoo.at,"""NO INFO""",공사중,"""{'커피가 맛있어요': '37', '친절해요': '27', '음료가 맛있어요': '19', '대화하기 좋아요': '17', '매장이 청결해요': '15'}"""
88,88,동부동 카페조감도,카페조감도,4.39,318,50,경북 경산시 삼성현로 484-2,"10:00 - 22:00
21:30 라스트오더",0507-1408-4823,NO INFO,"""NO INFO""",공사중,"""{'커피가 맛있어요': '130', '음료가 맛있어요': '47', '대화하기 좋아요': '42', '디저트가 맛있어요': '41', '친절해요': '32'}"""
89,89,남산면 브리즈온,브리즈온,초기값,366,180,경북 경산시 삼성현로 665,NO INFO,0507-1389-3234,https://www.instagram.com/cafe.breezeon/,"""경산 신상 고급 도넛 카페 :D

카페 브리즈온에서 산들바람과 함께 최고의 편안한 휴식을 받아가세요!

*(연중무휴)
다양한 종류의 도넛과 함께 브런치 및 음료,디저트가 준비되어있으며, 모든 메뉴를 당일 생산, 판매를 원칙으로 최고의 컨디션으로 제공하고 있습니다!

카페 브리즈온은 항상 여러분들에게 최고의 휴식 공간이 될 수 있도록 노력하겠습니다. 감사합니다 :)

찾아오시는 길
- 경산 인터불고 CC맞은편, 삼성현로 큰 대로변에 위치-""",공사중,"""{'커피가 맛있어요': '219', '인테리어가 멋져요': '200', '디저트가 맛있어요': '181', '뷰가 좋아요': '125'}"""
90,90,남산면 캠핑카페 쉘터,Cafe쉘터,초기값,347,83,경북 경산시 삼성현로 855-6 마양푸드 뒷편,"10:00 - 22:00
21:00 라스트오더",0507-1481-7909,https://www.instagram.com/camping.cafe.shelter/,"""복잡한 일상을 벗어나 휴식과 쉼터를 찾는 당신을 위한 공간 카페 쉘터
브런치 종일 운영(브런치 평일 예약가능)
open am 10:30 -
 pm 22시 (last order) pm 9시
@ 불멍 예약 @
 A타임 : 11 : 00~ 16 : 00
 B타임 : 17 : 00 ~ 21 : 30""",공사중,"""{'인테리어가 멋져요': '190', '친절해요': '134', '주차하기 편해요': '130', '특별한 메뉴가 있어요': '123'}"""
91,91,자인면 모건커피라운지,모건커피라운지,초기값,1075,456,경북 경산시 삼성현로 883 MORGAN coffee lounge,10:30 - 22:00,070-8808-1881,http://www.morgancoffee.co.kr,"""숙련된 로스터가 로스팅하는 스페셜티원두, 전문바리스타가 정성껏 내리는 핸드드립커피, 베테랑미케닉이 차량관리를 해주는 복합공간""",공사중,"""{'커피가 맛있어요': '551', '주차하기 편해요': '284', '친절해요': '251', '매장이 청결해요': '227'}"""
92,92,서부1동 예이크,예이크,초기값,44,6,경북 경산시 삼성현로15길 16 1층,08:00 - 19:30,0507-1353-7195,http://pf.kakao.com/_UFjSxj,"""경산 옥산동에위치한 디저트카페입니다 화려하진않아 도 특별한날, 평범한 날 생각나게하는 디저트를 만들어 드릴게요 상세 메뉴와 라인업은 인스타그램에서...""",공사중,"""{'디저트가 맛있어요': '40', '친절해요': '29', '매장이 청결해요': '22', '특별한 메뉴가 있어요': '20'}"""
93,93,서부1동 하벳케이크,하벳 케이크,초기값,27,6,경북 경산시 삼성현로15길 40 1층 하벳케이크,12:00 - 19:00,0507-1425-5252,NO INFO,"""현재 영업하지않고 있습니다. 11월중 오픈예정 인스타 @ __havet""",공사중,"""{'디저트가 맛있어요': '25', '친절해요': '21', '매장이 청결해요': '14', '특별한 메뉴가 있어요': '10'}"""
94,94,서부1동 디저피,디저피,초기값,84,45,경북 경산시 삼성현로15길 60 1층,NO INFO,0507-1356-9633,https://blog.naver.com/desserpy,"""'dessert bring happiness!'
맛있는 디저트는 하루를 행복하게 만듭니다 :)

좋은 재료로 정성껏 만든 수제 디저트를 판매하는
경산 옥산동의 작은 카페입니다.

너무 달거나 인위적이지 않은 맛,
다시 생각나서 찾게 되는 맛을 목표로,
온 가족이 먹을 수 있는 디저트 가게를 꿈꿉니다 :)

선물포장, 단체주문, 답례품 맛집
3-4일 전 여유있게 주문해주세요 :)

@카카오톡 : 디저피 (예약 및 문의)
@인스타그램 : desserpy (라인업, 이벤트 등)""",공사중,"""{'디저트가 맛있어요': '79', '친절해요': '67', '매장이 청결해요': '40', '커피가 맛있어요': '34'}"""
95,95,동부동 하이오커피 경산영대점,하이오커피 경산영대점,초기값,216,9,경북 경산시 삼풍로 15 백두빌딩 101호,08:00 - 22:00,0507-877-3675,https://events.passorder.co.kr/100won-event-new,"""경산 영남대 후문 (경북테크노파크) 삼풍동에 특별한 당신을 위한 하이오커피 경산영대점이 찾아왔습니다.
저희 매장은 [패스오더 앱]으로 편하게 주문이 가능한 매장입니다!""",공사중,"""{'커피가 맛있어요': '109', '음료가 맛있어요': '66', '친절해요': '47', '가성비가 좋아요': '45'}"""
96,96,동부동 메가MGC커피 경산삼풍점,메가MGC커피 경산삼풍점,4.53,456,초기값,경북 경산시 삼풍로 18 1층,08:00 - 21:00,053-811-0524,NO INFO,"""고객들에게 최선의 서비스를 제공하는 메가커피 경산 삼풍점입니다.""",공사중,"""{'커피가 맛있어요': '170', '가성비가 좋아요': '144', '음료가 맛있어요': '117', '친절해요': '74', '매장이 청결해요': '47'}"""
97,97,동부동 카페렛잇비,카페렛잇비,4.63,94,초기값,경북 경산시 삼풍로 22 카페 렛잇비,11:30 - 23:00,0507-0284-4049,http://pf.kakao.com/_cQuixj,"""경산에서 가장 오래된 카페 산토리니의 2호점 렛잇비 카페 입니다.
생각지 않은 곳에서 의외의 맛을 선물하는 보물같은 맛집 !! 
항상 같은 모습으로!! 언제나 정직한 맛으로!! 동네에서 만나요""",공사중,"""{'커피가 맛있어요': '48', '음료가 맛있어요': '30', '디저트가 맛있어요': '28', '가성비가 좋아요': '20', '특별한 메뉴가 있어요': '19'}"""
98,98,중앙동 카페레이즈,레이즈 경산점,4.78,261,69,경북 경산시 서상길 3-1,NO INFO,0507-1376-5442,https://instagram.com/laze._official?igshid=OGRjNzg3M2Y=,"""양질의 맛과 느긋한 공간을제공하는 주택개조 브런치카 페 '레이즈' 입니다 운영시간은 오전10시부터 오후5시 까지이며 음식 라스트오더는 4시15분 입니다 이...""",공사중,"""{'커피가 맛있어요': '89', '친절해요': '75', '디저트가 맛있어요': '67', '인테리어가 멋져요': '67', '매장이 청결해요': '55', '특별한 메뉴가 있어요': '50', '음료가 맛있어요': '46', '대화하기 좋아요': '46', '사진이 잘 나와요': '36', '뷰가 좋아요': '30', '가성비가 좋아요': '29', '좌석이 편해요': '19', '집중하기 좋아요': '17', '주차하기 편해요': '16', '화장실이 깨끗해요': '15', '음식이 맛있어요': '9', '차분한 분위기에요': '6', '오래 머무르기 좋아요': '3', '메뉴 구성이 알차요': '2', '음악이 좋아요': '2', '아늑해요': '1', '혼밥하기 좋아요': '1', '재료가 신선해요': '1', '기본 안주가 좋아요': '1', '건강한 맛이에요': '1', '단체모임 하기 좋아요': '1'}"""
99,99,중앙동 카페옐로우블루,옐로블루,4.59,176,19,경북 경산시 서상길 55 1층,09:00 - 23:00,053-816-6868,https://www.instagram.com/yellow_____blue,"""NO INFO""",공사중,"""{'커피가 맛있어요': '69', '음료가 맛있어요': '40', '대화하기 좋아요': '32', '친절해요': '31', '인테리어가 멋져요': '28'}"""
100,100,남천면 더프레젠트,더프레젠트,4.59,116,124,경북 경산시 선비길 21 카페더프레젠트,NO INFO,053-814-5200,NO INFO,"""NO INFO""",공사중,"""{'커피가 맛있어요': '21', '친절해요': '14', '음료가 맛있어요': '12', '대화하기 좋아요': '11', '인테리어가 멋져요': '10'}"""
101,101,중앙동 올웨이즈어거스트,올웨이즈어거스트 경산,4.63,172,377,경북 경산시 선비길2길 44,NO INFO,0507-1330-4623,http://instagram.com/always8coffee,"""애견동반 불가능 합니다.
아이 동반은 좌석 착석의 경우에만 가능합니다.
별도 sns광고 진행 안해요. 전화 및 메일은 보내지 말아주세요""",공사중,"""{'커피가 맛있어요': '23', '디저트가 맛있어요': '14', '인테리어가 멋져요': '13', '주차하기 편해요': '12', '친절해요': '11', '뷰가 좋아요': '9', '매장이 청결해요': '8', '대화하기 좋아요': '8', '좌석이 편해요': '7', '음료가 맛있어요': '6', '사진이 잘 나와요': '5', '특별한 메뉴가 있어요': '4', '화장실이 깨끗해요': '4', '집중하기 좋아요': '2', '가성비가 좋아요': '1'}"""
102,102,서부2동 보더 472-1,보더472-1,초기값,65,6,"경북 경산시 성동로 15-5 1, 2층","11:00 - 22:00
21:30 라스트오더",0507-1466-0352,NO INFO,"""NO INFO""",공사중,"""{'커피가 맛있어요': '39', '친절해요': '29', '대화하기 좋아요': '24', '디저트가 맛있어요': '21'}"""
103,103,서부1동 몰타,몰타,4.59,165,초기값,경북 경산시 성암로 55,NO INFO,0507-1363-3382,NO INFO,"""NO INFO""",공사중,"""{'커피가 맛있어요': '73', '음료가 맛있어요': '37', '친절해요': '29', '디저트가 맛있어요': '27', '가성비가 좋아요': '23'}"""
104,104,서부1동 어썸주스 경산점,어썸주스 경산점,초기값,39,10,경북 경산시 성암로11길 1-1 1층,NO INFO,0507-1379-2322,https://793685535.modoo.at,"""NO INFO""",공사중,"""{'커피가 맛있어요': '17', '친절해요': '17', '음료가 맛있어요': '15', '매장이 청결해요': '10'}"""
105,105,서부1동 해피아워,해피아워,초기값,76,26,경북 경산시 성암로15길 12 도로변 1층 HAPPY HOUR,12:00 - 21:00,0507-1353-7776,https://www.instagram.com/happyhour_cafe_/,"""디저트 카페 HAPPY HOUR 입니다. 다양한 음료와 매 일 아침 구워낸 디저트를 판매합니다. 1인매장으로 모든 디저트류는 매일 소량으로 구워내고 있어요. 대...""",공사중,"""{'디저트가 맛있어요': '68', '친절해요': '44', '특별한 메뉴가 있어요': '30', '매장이 청결해요': '28'}"""
106,106,서부1동 카페리아 옥산점,카페리아 옥산점,4.19,281,35,경북 경산시 성암로21길 4 카페리아옥산점,11:30 - 23:30,0507-1364-0040,NO INFO,"""카페리아는 매장에서 직접 로스팅한 신선한 원두를 사용하여 맛있는 커피를 제공하고자 노력하는 포근한 분위기의 아늑한 카페입니다.
여러가지 도서와 보드게임도 준비되어 있으며 크고 작은 화초들도 이뿌게 자리잡고 있습니다.
은은한 커피향과 산뜻한 느낌으로 남녀노소 누구나 편안히 이용가능한 장소가 되도록 늘 최선을 다해 준비하고 있습니다.
오전11시부터 오픈하니 모닝커피한잔 즐기는 여유~~추천합니다.""",공사중,"""{'커피가 맛있어요': '128', '친절해요': '108', '음료가 맛있어요': '74', '대화하기 좋아요': '71', '매장이 청결해요': '59'}"""
107,107,서부1동 카페바이올렛,카페바이올렛,4.64,116,초기값,경북 경산시 성암로5길 1 1층,09:00 - 22:00,0507-1473-9961,NO INFO,"""네가지 콩으로 로스팅한 신선한 커피. 사장님께서 직접 담근 청과 생과일을 착즙 하여 만든 에이드. 생과일 주스. 푸짐하고 시원한 빙수. 수제샌드위치. 아이스크림과 과일을 얹은 허니브래드 등 맛있는 먹거리들이 많이 있습니다!^^""",공사중,"""{'친절해요': '66', '커피가 맛있어요': '57', '매장이 청결해요': '29', '음료가 맛있어요': '28', '주차하기 편해요': '23'}"""
108,108,서부1동 구스켓 인 더 크로플,구스켓 인 더 크로플 본점,초기값,47,32,경북 경산시 성암로7길 6 구스켓 인 더 크로플,NO INFO,0507-1322-4728,NO INFO,"""경산 1등 겉바속촉 크로플 맛집 '구스켓 인 더 크로플 본 점'입니다. 어디서나 크로플은 흔히 드셔 보셨을 겁니다 . 구스켓 만의 크로플은 겉바속촉은 따라오지 못...""",공사중,"""{'디저트가 맛있어요': '32', '친절해요': '28', '음료가 맛있어요': '25', '특별한 메뉴가 있어요': '24'}"""
109,109,서부1동 마음충전상담카페,마음충전 상담카페,5,15,초기값,경북 경산시 성암로9길 16,"11:00 - 23:00
22:00 라스트오더",053-216-4239,http://www.instagram.com/bobae01035104239,"""마음충전 상담카페는 보배로운 당신이 일상으로부터 잠 시 휴식하며 지친 마음을 충전 할 수 있는힐링카페 입니 다. 차와 음악~독서로 여유를 가지며 상담을 통...""",공사중,"""{'커피가 맛있어요': '6', '친절해요': '5', '대화하기 좋아요': '5', '매장이 청결해요': '4'}"""
110,110,서부1동 카페꽃이피다,카페꽃이피다,4.43,173,40,경북 경산시 성암로9길 25,10:00 - 23:00,0507-1424-2666,NO INFO,"""우드로 꾸며진 아늑하고 포근한 카페 아기자기한 소품들이 어울려 맛있는 디저트 와 커피 한 잔의 여유를 느낄 수 있는 카페 꽃이 피다입니다 캔에 담아드리는 캔실링컨셉의 카페 꽃이 피다. 완변학 배합으로 블렌딩한 원두로 깊고 풍부한 커피 맛!! 최대 2일 이상 넘기지 않는 원두의 신선함.. 그리고 디카페인으로 이미 너무나도 유명해진 카페 꽃이 피다입니다""",공사중,"""{'커피가 맛있어요': '67', '음료가 맛있어요': '36', '디저트가 맛있어요': '31', '친절해요': '31', '가성비가 좋아요': '23'}"""
111,111,서부1동 마칸로스터리,마칸로스터리,초기값,72,21,경북 경산시 성암로9길 27 1층 마칸로스터리,08:00 - 17:30,0507-1386-2684,https://smartstore.naver.com/macanroastery,"""라떼가 맛있는 집 마칸로스터리는 좋은 품질의 커피를 직접 볶아 좋은 가격에 제공합니다.

쓰지않고 단맛과 향이 풍부한 커피를 마칸로스터리에서 경험해보세요.

버터크림 가득 시그니처메뉴와 직접만든 디저트도 준비되어 있습니다!

(마칸로스터리는 리뷰광고를 진행하지 않습니다.)""",공사중,"""{'커피가 맛있어요': '60', '친절해요': '36', '매장이 청결해요': '24', '인테리어가 멋져요': '17'}"""
112,112,동부동 르솔커피,르솔커피,초기값,80,19,경북 경산시 솔숲길12길 3-1 102호,10:00 - 22:00,0507-1445-3789,https://blog.naver.com/ehdud3789,"""경북 경산 카페 맛집 '르솔커피' 수족관을 보며 커피와 샌드위치를 즐겨보세요 모든 샌드위치들은 주문 즉시 조리하기에 보다 맛있게 제공해 드리기위해 노...""",공사중,"""{'커피가 맛있어요': '61', '음료가 맛있어요': '52', '친절해요': '44', '디저트가 맛있어요': '43', '가성비가 좋아요': '32', '특별한 메뉴가 있어요': '32', '인테리어가 멋져요': '29', '매장이 청결해요': '20', '사진이 잘 나와요': '18', '대화하기 좋아요': '14', '뷰가 좋아요': '8', '좌석이 편해요': '3', '주차하기 편해요': '3', '집중하기 좋아요': '3', '화장실이 깨끗해요': '3', '컨셉이 독특해요': '2', '차분한 분위기에요': '1', '아이와 가기 좋아요': '1', '양이 많아요': '1'}"""
113,113,동부동 길리파이,길리파이,초기값,49,20,경북 경산시 솔숲길4길 2-8 1층 길리파이,10:00 - 20:00,010-8669-4571,NO INFO,"""프랑스전통과자 플랑과 주문제작 파이케이크. 싱글원두로 뽑아내는 좋은 커피까지 즐기실수 있습니다""",공사중,"""{'디저트가 맛있어요': '37', '친절해요': '24', '특별한 메뉴가 있어요': '19', '커피가 맛있어요': '15'}"""
114,114,남부동 후버,후버,4.6,791,467,경북 경산시 솔숲길4길 6-14 1층,"10:00 - 23:00
22:00 라스트오더",0507-1413-0712,https://www.instagram.com/cafe_hoover,"""안녕하세요 당신의 오아시스, 후버입니다 hoover는 이 곳을 좋아해 주실 모든 분께 열려있습니다 황량한 사막 에도 어딘가엔 목을 축이고 쉬어갈 수 있는 오아...""",공사중,"""{'커피가 맛있어요': '219', '디저트가 맛있어요': '130', '인테리어가 멋져요': '116', '친절해요': '97', '매장이 청결해요': '95'}"""
115,115,압량읍 붕어빵굽는바리스타,붕어빵 굽는 바리스타,초기값,28,9,"경북 경산시 압량읍 고분길 27 1층, 2층",09:00 - 22:00,053-812-5353,NO INFO,"""프랑스 유학 다녀온 토종붕어 입니다.
동생 모붕도 있어요^^
페스츄리 붕어빵의 만남 크붕어를 만나보세요.
오픈기념으로 20%세일 중 입니다.
부담없는 가격대로 만나 보세요^^""",공사중,"""{'친절해요': '21', '커피가 맛있어요': '18', '디저트가 맛있어요': '15', '특별한 메뉴가 있어요': '13'}"""
116,116,압량읍 하이핌핀,하이핌핀,초기값,131,44,경북 경산시 압량읍 압독1로 13 하이핌핀,정기휴무 (매주 수요일),0507-1489-0295,https://www.instagram.com/hi_pimpin,"""커피와 디저트를 기반에 두고,
부담없이 누릴 수 있는 푼푼한 공간으로
저희 Hi-pimpin을 다녀간 모든 분이
원하는 바를 꼭 이루길 바라는 마음으로
기본에 충실하고 전력을 다하여 이 공간을 만들어 갑니다.""",공사중,"""{'친절해요': '96', '커피가 맛있어요': '94', '디저트가 맛있어요': '85', '음료가 맛있어요': '63'}"""
117,117,압량읍 마실커피 신대부적점,마실커피 신대부적점,4.45,276,58,경북 경산시 압량읍 압독2로1길 20-15 1층,08:00 - 01:00,053-801-1212,https://www.instagram.com/2th_masilcoffee,"""NO INFO""",공사중,"""{'커피가 맛있어요': '128', '가성비가 좋아요': '94', '음료가 맛있어요': '80', '친절해요': '75', '주차하기 편해요': '34'}"""
118,118,압량읍 와글,와글,초기값,29,3,경북 경산시 압량읍 압독2로8길 21 1층 와글,09:30 - 21:00,0507-1341-1085,NO INFO,"""신대부적 카페, 신대리 카페, 경산 카페, 커피,소금빵,샌드위치,디저트,에그샌드위치,와플,크로플,휘낭시에 등등 맛난 음료와 디저트가 있어요""",공사중,"""{'커피가 맛있어요': '20', '디저트가 맛있어요': '16', '음료가 맛있어요': '12', '친절해요': '10'}"""
119,119,압량읍 커피이즈,커피이즈,초기값,31,6,경북 경산시 압량읍 압독3로2길 16 1층,"10:00 - 20:30
20:00 라스트오더",0507-1396-6568,https://www.instagram.com/magnolia_blanc13,"""반갑습니다. 커피이즈입니다.
저희 가게는 고소하면서 부드러운 에스프레소를 내려 아메리카노로도 카페라떼로도 맛있게 드실수 있어 손님들께서 맛있다는 말씀을 많이 해 주십니다.
소다팝(에이드)은 직접 작츱하거나 과육비율을 높인 고급 퓨레를 사용합니다. 스무디도 직접 손질한 과일과 과일 함량 높은 퓨레를 사용합니다. 스무디, 에이드는 특히 과일과 퓨레를 적절하게 아끼지 않고 잘 사용해야 합니다. 재료를 아끼지 않고 많이 넣어 드려요,

모든 커피 음료는 디카페인 변경 가능하고, 모든 우유 제품은 우유 못드시는 분들도 라떼를 드실 수 있도록 비건밀크인 오트밀(귀리)밀크가 준비되어 있어 언제든지 변경 가능합니다.

커피이즈는 커피를 좋아하고 향기를 사랑하는 향수카페 입니다.
커피이즈의 향기 브랜드 '마뇰리아 블랑'에서 제작한 향기 전시 상품을 체험하고 구매 하실 수 있습니다
나만의 향기를 조향하는 클래스를 운영하고 있으니 원데이 클래스 안내는 카카오톡플러스 '마뇰리아블랑'이나 네이버 예약 확인 후 언제든지 문의 주세요!

신선한 샌드위치와 김밥은 주문 즉시 조리하며 재료는 항상 직접 고른 최상의 것들을 사용하여 가득 넣어 드립니다. 단체주문도 가능 합니다. 간이 약하고 좋은 재료만 넣은 아기김밥도 있어요.

주문 포장시 용기 가져오시면 모든음료, 김밥, 샌드위치 200씩 할인 해 드립니다. 용기 내 주세요!

어린이들을 위해서 컬러링시트(색칠놀이)가 준비 되어 있고, 어르신들이 즐겨 찾으실 수 있는 여러 음료들도 준비되어 있습니다.

카페 커피이즈와 아틀리에 마뇰리아 블랑에서 잠시나마 향기로운 일상의 순간을 즐기세요!""",공사중,"""{'커피가 맛있어요': '19', '친절해요': '12', '디저트가 맛있어요': '10', '음료가 맛있어요': '9'}"""
120,120,압량읍 리암커피,리암커피,4.85,35,초기값,경북 경산시 압량읍 압독3로2길 28 1층 리암커피,09:00 - 20:00,0507-1482-0981,NO INFO,"""NO INFO""",공사중,"""{'커피가 맛있어요': '19', '친절해요': '19', '음료가 맛있어요': '10', '가성비가 좋아요': '9', '매장이 청결해요': '7'}"""
121,121,압량읍 윈썸,윈썸 경산점,초기값,20,9,경북 경산시 압량읍 압독4로 17,10:00 - 22:00,0507-1363-2206,https://www.instagram.com/winsome_room,"""안녕하세요 경산 신대리에 위치한 수제 샌드위치, 쿠키 전문 디저트 카페 윈썸입니다. 영남대 근처 신대부적에 위치한 카페 윈썸은 디저트 전문 카페로 업체에...""",공사중,"""{'디저트가 맛있어요': '14', '친절해요': '13', '커피가 맛있어요': '11', '가성비가 좋아요': '11'}"""
122,122,압량읍 짹슨커피 영대점,짹슨커피 영대점,초기값,22,5,경북 경산시 압량읍 압독4로1길 20 1층 짹슨커피,"09:00 - 24:00
23:55 라스트오더",0507-1383-3406,https://www.instagram.com/jjackson_yn,"""안녕하세요.짹슨커피 영대점입니다. 짹슨커피만의 맛있는 디저트와 음료들을 판매중입니다. 깨끗하고 위생적인 공간에서 정성을 담아 만들어드리고 있습니다. 짹슨커피 영대점은 작지만 아기자기한 매장에 반려견동반도 가능해요~(전용공간이 아니므로 목줄착용부탁드립니다~) 작지만 따뜻한 공간에 놀러오세요~""",공사중,"""{'커피가 맛있어요': '12', '음료가 맛있어요': '8', '가성비가 좋아요': '7', '친절해요': '6'}"""
123,123,자인면 오던,오던,초기값,767,481,경북 경산시 압량읍 압독로 199,NO INFO,053-817-5005,NO INFO,"""NO INFO""",공사중,"""{'주차하기 편해요': '171', '뷰가 좋아요': '167', '커피가 맛있어요': '142', '디저트가 맛있어요': '126'}"""
124,124,압량읍 마들카페,마들카페,초기값,27,2,경북 경산시 압량읍 압량시장길 1 201호,NO INFO,010-8568-5703,NO INFO,"""마들카페는 압량읍 주민들로 이루어진 협동조합입니다. 대표음료로는 현지에서 바로 공급한 수삼라떼. 생과일 쥬스등. 가격은 저렴하지만 재료는 최상급의 맛을 보장합니다. 아이들과 엄마들을 위한 파티룸을 완비하고 야외 테라스도 마련되어 있습니다.""",공사중,"""{'커피가 맛있어요': '14', '가성비가 좋아요': '9', '음료가 맛있어요': '8', '주차하기 편해요': '7'}"""
125,125,압량읍 BWV211,BWV211,4.38,47,초기값,경북 경산시 압량읍 조산로 11,10:00 - 24:00,053-801-2110,NO INFO,"""NO INFO""",공사중,"""{'커피가 맛있어요': '8', '친절해요': '6', '매장이 청결해요': '5', '음료가 맛있어요': '4', '대화하기 좋아요': '3'}"""
126,126,압량읍 씨엘로,씨엘로,초기값,17,25,경북 경산시 압량읍 청운로 85 101호,"12:00 - 24:00
23:30 라스트오더",010-3926-0518,NO INFO,"""씨엘로에서 쿠폰 14개 적립시 전국 영화관 시지브이 메가박스 롯데시네마에서 사용가능한 영화티켓 증정중이에요 많은 방문 부탁드릴게요!
외부테라스에서는 흡연및 애견도 동반 가능하니 많은 방문부탁드랴용 ^^
저희 휘낭시에는 진한풍미가 일품이에요 오셔서 드셔보세요^^""",공사중,"""{'친절해요': '12', '디저트가 맛있어요': '9', '음료가 맛있어요': '9', '매장이 청결해요': '7'}"""
127,127,서부1동 바이버리커피,바이버리커피,초기값,60,13,경북 경산시 옥산로 108 1층 바이버리 커피,11:00 - 21:00,0507-1373-4666,https://www.instagram.com/bibury_coffee,"""헤이즐넛 슈페너, 아몬드 크림라떼가 맛있는 경산 옥산동 카페""",공사중,"""{'커피가 맛있어요': '34', '친절해요': '34', '인테리어가 멋져요': '29', '음료가 맛있어요': '24'}"""
128,128,와촌면 카페803,Cafe.803,4.59,64,140,경북 경산시 와촌면 갓바위로 550 카페 803,NO INFO,053-746-7779,http://instagram.com/cafe.803,"""방갈로 안에서 개인적으로 쉴수 있는 공간이 특징인 카페입니다 놀러오세요~""",공사중,"""{'커피가 맛있어요': '10', '대화하기 좋아요': '10', '뷰가 좋아요': '9', '친절해요': '8', '주차하기 편해요': '6'}"""
129,129,와촌면 주주베,주주베,4.31,28,초기값,경북 경산시 와촌면 상암길 113,정기휴무 (매주 수요일),053-853-5550,NO INFO,"""NO INFO""",공사중,"""{'커피가 맛있어요': '15', '디저트가 맛있어요': '4', '좌석이 편해요': '3', '친절해요': '3', '매장이 청결해요': '3'}"""
130,130,와촌면 별빛정원,별빛정원,4.2,36,초기값,경북 경산시 와촌면 팔공로 45-10,NO INFO,053-856-3337,NO INFO,"""NO INFO""",공사중,"""{'커피가 맛있어요': '11', '뷰가 좋아요': '8', '인테리어가 멋져요': '6', '음료가 맛있어요': '5', '친절해요': '5'}"""
131,131,남산면 호미호시,호미호시,4.44,1110,663,경북 경산시 원효로 275,"11:00 - 22:00
21:00 라스트오더",0507-1389-6779,http://instagram.com/homihosi,"""NO INFO""",공사중,"""{'커피가 맛있어요': '201', '인테리어가 멋져요': '179', '주차하기 편해요': '127', '매장이 청결해요': '127', '디저트가 맛있어요': '125'}"""
132,132,동부동 팔롬비니 계양점,팔롬비니 계양점,초기값,41,15,경북 경산시 원효로26길 42,10:00 - 22:00,0507-1497-0188,NO INFO,"""스터디 카페 처럼 편안하고 다양한 커피를 즐기실 수 있으며, 늘 청결을 중요시 합니다. 많은 사랑 부탁드립니다.""",공사중,"""{'커피가 맛있어요': '22', '디저트가 맛있어요': '19', '친절해요': '14', '음료가 맛있어요': '12'}"""
133,133,동부동 까페지니,카페지니,초기값,171,20,경북 경산시 원효로28길 32-1 이루아 1층,10:00 - 19:00,0507-1341-5699,NO INFO,"""에그빵 미니버거 리얼블루베리우유 리얼망고유유 찐맛집:)""",공사중,"""{'커피가 맛있어요': '114', '디저트가 맛있어요': '102', '특별한 메뉴가 있어요': '87', '음료가 맛있어요': '86'}"""
134,134,동부동 블랑제리라팡,블랑제리라팡,초기값,191,124,경북 경산시 원효로36길 7 1층 101호,"11:00 - 21:00
20:00 라스트오더",0507-1362-5879,http://www.instagram.com/boulangerie_lapin,"""첨가제, 냉동생지를 사용하지 않고 당일 생산한 빵을 당일 판매하는 프랑스 식사빵전문 베이커리 카페입니다. 프랑스밀 t45, t65, t130(호밀), t150(통밀)을 사용하여 빵을 만듭니다""",공사중,"""{'커피가 맛있어요': '71', '디저트가 맛있어요': '68', '친절해요': '37', '음료가 맛있어요': '24'}"""
135,135,남산면 카페산토리니마을,카페 산토리니 마을,4.44,475,303,경북 경산시 유곡길 183-29 카페산토리니마을,"11:00 - 19:00
18:30 라스트오더",070-8611-8607,NO INFO,"""카페 산책로를 따라 벚나무와 복숭아, 살구 나무가 있어 아름다운 자연과 함께 커피를 즐길 수 있는 카페 입니다.
산책로를 거릴다 보면 소나무 숲이 있고 끝에는 저수지가 있어 고즈늑한 분위기를 즐길 수 있습니다.

*애견 동반은 가능하시나 매장 내 이용은 불가하며, 야외 테라스 및 정원 내 시설을 이용 하시면 됩니다.""",공사중,"""{'뷰가 좋아요': '144', '커피가 맛있어요': '104', '인테리어가 멋져요': '60', '사진이 잘 나와요': '55', '음료가 맛있어요': '53'}"""
136,136,남산면 우윳집,우윳집 자인점,초기값,71,85,경북 경산시 자인면 금학로 8-8 1층,NO INFO,0507-0289-5350,https://100원커피이벤트-선착순주문하기.com,"""신선한 목장우유와 제철 지역과일로 만드는 맛있는 음료와 디저트 :) 매장내 제로웨이스트코너도 운영중이에요""",공사중,"""{'디저트가 맛있어요': '38', '친절해요': '37', '음료가 맛있어요': '33', '특별한 메뉴가 있어요': '33'}"""
137,137,자인면 쏠,쏠 작은폭포,초기값,219,70,경북 경산시 자인면 꾸메마을길 6,"10:30 - 21:00
20:00 라스트오더",0507-1440-0086,https://www.instagram.com/solwaterfalls/,"""물소리와 함께하는 커피한잔의 여유 053-856-0056""",공사중,"""{'커피가 맛있어요': '106', '뷰가 좋아요': '90', '인테리어가 멋져요': '71', '디저트가 맛있어요': '62'}"""
138,138,남산면 베러먼데이커피 경산자인점,베러먼데이 경산자인점,4.79,235,초기값,경북 경산시 자인면 북사로 27,08:00 - 19:00,0507-1419-7780,https://bettermonday.coffee/,"""직장인을 위한 라이프스타일 드링크샵
건강한 푸드 라이프의 실현이 베러먼데이커피를 통해 쉬워집니다.

에너지(ENERGY) 라인부터 베러(BETTER) 라인까지 맛과 건강을 모두 잡은 차별화된 메뉴 구성으로 많은 고객에게 사랑 받고 있습니다.
베러먼데이커피의 메뉴는 한의사 등 전문가와 함께 개발하여 '건강'한 음료와 디저트를 만나실 수 있습니다.

[신메뉴 소식]

23.09 [시즌] 하이,유자C 시즌음료 3종 출시

23.09 [협업] 얼티브 신메뉴 2종 출시

23.06 [시즌] 팥쉐이크 시즌음료 3종 출시

[메뉴 소개]

- ENERGY LINE
에너지 충전이 필요한 순간에!

- HEALTHY LINE
맛과 건강 모두를 즐기고 싶은 순간에!

- DRINK LINE
일상 속 행복을 느끼고 싶은 순간에!

- BETTER LINE
원재료의 맛과 영양을 한잔에!

**음료가 맛이 없거나 생각했던 음료 맛과 다르면 '100% 교환, 환불'해드립니다!!""",공사중,"""{'커피가 맛있어요': '81', '음료가 맛있어요': '64', '가성비가 좋아요': '51', '친절해요': '50', '디저트가 맛있어요': '30'}"""
139,139,남산면 구룸밭,구룸밭,초기값,27,16,경북 경산시 자인면 서부1길 17-8 1층,NO INFO,0507-1379-2696,https://www.instagram.com/gurum.pat,"""편안하고 자연과 함께 힐링하기 좋은 곳 천천히 내려 부드러운 드립커피와 과일 베이스의 깔끔한 맛의 티를 경험해보세요""",공사중,"""{'커피가 맛있어요': '16', '친절해요': '16', '뷰가 좋아요': '11', '매장이 청결해요': '10'}"""
140,140,남산면 안포레,안포레,4.43,875,865,경북 경산시 자인면 원효로 757-5,정기휴무 (매주 수요일),0507-1435-1405,NO INFO,"""안포레는 자연속에서 힐링할 수 있는 카페입니다 맛잇 는 커피와 경산 브런치 카페로 유명합니다. 또한 계정숲 옆에 위치해서 경산 데이트코스도 괜찮은 자연...""",공사중,"""{'커피가 맛있어요': '299', '인테리어가 멋져요': '241', '뷰가 좋아요': '240', '디저트가 맛있어요': '223', '친절해요': '204'}"""
141,141,남산면 포레스트리,포레스트리,4.57,129,58,경북 경산시 자인면 원효로161길 126,10:00 - 20:00,010-7252-1532,https://www.instagram.com/forestree_official/,"""NO INFO""",공사중,"""{'커피가 맛있어요': '37', '음료가 맛있어요': '16', '인테리어가 멋져요': '16', '주차하기 편해요': '15', '매장이 청결해요': '15'}"""
142,142,동부동 달과6펜스,달과6펜스,4.76,129,초기값,경북 경산시 장산로 257 1층,09:00 - 21:00,0507-1344-5889,http://instagram.com/dalryuk2,"""직접볶은원두로 내린 커피와
유기농밀 천연버터로 직접구운디저트류를 판매하는 곳입니다
작고아담하지만 마음의 쉼터가 될 수 있는 공간이 되길바라는 달6입니다""",공사중,"""{'커피가 맛있어요': '60', '친절해요': '43', '가성비가 좋아요': '42', '음료가 맛있어요': '40', '디저트가 맛있어요': '27'}"""
143,143,중앙동 카페벙커 서상한옥점,카페벙커 서상한옥점,4.7,281,240,경북 경산시 장산로18길 14-1 카페벙커 서상한옥점,NO INFO,053-811-4370,https://www.instagram.com/cafebunker10,"""경산에서 가장 오래된 로스터리 카페
마음이 따뜻해지는 편안한 커피

카페벙커 서상한옥점 053)811-4370""",공사중,"""{'커피가 맛있어요': '109', '인테리어가 멋져요': '55', '친절해요': '52', '대화하기 좋아요': '36', '음료가 맛있어요': '31'}"""
144,144,동부동 마음의풍경,마음의풍경,초기값,10,1,경북 경산시 장산로50길 1 마음의풍경,NO INFO,0507-1449-0049,NO INFO,"""소중한 고객님의 마음에 풍경을 그려드리는 마음의 풍경입니다~^^
수제청, 차를 주로 다루고 수제 화과자, 수제양갱, 그외 디저트가 준비되어 있습니다~!""",공사중,"""{'음료가 맛있어요': '5', '인테리어가 멋져요': '5', '특별한 메뉴가 있어요': '4', '커피가 맛있어요': '3'}"""
145,145,남부동 드리브,드리브,초기값,167,196,경북 경산시 중방동 615-4,NO INFO,010-4689-0688,https://www.instagram.com/nadadribp/,"""경산 로스터리 매장으로 여러분들께 좋은 커피와 행복한 하루를 선물하겠습니다. 주차장 주소: 중방동 615-4""",공사중,"""{'커피가 맛있어요': '101', '인테리어가 멋져요': '56', '사진이 잘 나와요': '52', '음료가 맛있어요': '46'}"""
146,146,북부동 커피카고,커피카고,4.38,34,33,경북 경산시 중방로 119,10:00 - 21:00,053-201-2442,http://0532012442.tshome.co.kr/,"""NO INFO""",공사중,"""{'커피가 맛있어요': '5', '음료가 맛있어요': '3', '대화하기 좋아요': '3', '주차하기 편해요': '2', '특별한 메뉴가 있어요': '2'}"""
147,147,중방동 달콤하이,달콤하이,초기값,14,2,경북 경산시 중방로 19 (중방동),08:00 - 20:00,0507-1340-1653,NO INFO,"""주문 즉시 손질한 과일 디저트와 맛있는 음료 모두 구매 가능합니다""",공사중,"""{'커피가 맛있어요': '8', '음료가 맛있어요': '7', '친절해요': '7', '디저트가 맛있어요': '5'}"""
148,148,중앙동 라포미 본점,라포미 본점,4.49,507,146,경북 경산시 중방로 29 1층,10:00 - 24:00,053-815-8150,https://www.instagram.com/cafe_laforme,"""감성가득한 넓고 예쁜 카페 라포미에요.
경산맛집으로 유명한 라포미 매장에서 즐겨보세요.

또한 북유럽감성의 다양한 예쁜 소품들을 구경 및 인터넷최저가보다 저렴하게 구입 가능합니다.

연인들에겐 데이트코스로 커피한잔하면서, 예쁘고 특별한 소품을 부담없이 선물할 수 있어서 뜻깊은 시간을 보낼 수 있어요.
플리마켓보다 다양한 제품들, 어디서도 구할 수 없는 다양한 제품들로 당신의 마음을 사로잡을 것 입니다.

라포미는 Life For Me 의 약자로 '나를 위한 삶'을 의미합니다.

항상 예쁜 소품들은 비싸서 남들에게 선물하기엔 좋지만 나를 위해는 쉽게 못사셨죠?
라포미로 오시면 그 생각이 바뀌실 겁니다.
마음편하게 오셔서 마음편하게 쉬다 가실 수 있는 그런 따뜻한 곳이 되겠습니다.
항상 모든분들께 덕을 쌓는 다는 마음으로 운영하고 있습니다.
따뜻하게 다가와주세요. 라포미의 모든 직원들은 꼭 그 이상 보답하겠습니다.""",공사중,"""{'디저트가 맛있어요': '140', '커피가 맛있어요': '132', '음료가 맛있어요': '128', '친절해요': '94', '매장이 청결해요': '65'}"""
149,149,서부1동 마실커피 경산역점,마실커피 경산역점,초기값,212,69,경북 경산시 중앙로 5-1 1층,07:00 - 23:00,0507-1380-3554,NO INFO,"""안녕하세요! 마실커피 경산역점 입니다.
항상 정성스럽게 맛있는 두가지 종류(미디엄/다크)의 커피와 음료 그리고 다양한 디저트 제공해드리는 경산역점이 되겠습니다!
많은 관심과 사랑 부탁드리겠습니다^^""",공사중,"""{'커피가 맛있어요': '104', '음료가 맛있어요': '82', '가성비가 좋아요': '61', '친절해요': '46'}"""
150,150,서부1동 라포미 경산역점,라포미 경산역점,4.36,72,20,경북 경산시 중앙로 8,06:00 - 02:00,010-6409-2866,https://www.instagram.com/cafelaforme,"""LAFORME : Life For Me

안녕하세요. 저희는 아이들과 부모님들이 프라이빗하고 자유롭게 즐길수있는 무인키즈까페&공간대여&파티룸 입니다.

100%예약제로 운영되며 타임마다 청소,환기가 진행됩니다^^ 키즈뿐만 아니라 대학생분들 모임, 사내 모임, 지인 모임, 생일파티 장소로도 강력하게 추천드립니다!!

오셔서 음식,커피 배달은 자유롭게 이용가능하시고, 취사는 안전상 불가합니다.

엄마들은 편하게, 아이들은 재미있게 늘 준비하는 라포미가 되겠습니다!!

문의 : 010-6409-2866""",공사중,"""{'커피가 맛있어요': '26', '음료가 맛있어요': '22', '디저트가 맛있어요': '20', '친절해요': '16', '가성비가 좋아요': '9'}"""
151,151,중앙동 텐퍼센트커피 경산시청점,텐퍼센트커피 경산시청점,초기값,121,6,경북 경산시 중앙로 82,NO INFO,0507-0289-4542,http://www.tenpercentcoffee.com/,"""NO INFO""",공사중,"""{'커피가 맛있어요': '74', '친절해요': '51', '가성비가 좋아요': '41', '매장이 청결해요': '27', '음료가 맛있어요': '22', '인테리어가 멋져요': '10', '디저트가 맛있어요': '9', '대화하기 좋아요': '5', '좌석이 편해요': '4', '사진이 잘 나와요': '4', '특별한 메뉴가 있어요': '3', '주차하기 편해요': '2', '양이 많아요': '1', '화장실이 깨끗해요': '1'}"""
152,152,중방동 복고다방 경산시장점,복고다방경산시장점,4.42,146,초기값,경북 경산시 중앙로16길 12,NO INFO,053-814-5756,NO INFO,"""NO INFO""",공사중,"""{'커피가 맛있어요': '39', '친절해요': '28', '음료가 맛있어요': '21', '가성비가 좋아요': '18', '디저트가 맛있어요': '6'}"""
153,153,중방동 길카페,길카페,4.62,36,15,경북 경산시 중앙로17길 28,"11:30 - 22:00
21:30 라스트오더",0507-1385-7010,http://www.instagram.com/gil_cafe_,"""안녕하세요. 모든 손님들께 편안한 공간이고 싶은 길카 페입니다 🙇 👈🏻 온누리상품권 / 재난지원금 사용가능 ⠀ 👈🏻 세명병원 도보 5분 이내 / 경산시 중앙로1...""",공사중,"""{'커피가 맛있어요': '9', '친절해요': '8', '디저트가 맛있어요': '5', '음료가 맛있어요': '5', '가성비가 좋아요': '5', '대화하기 좋아요': '5', '인테리어가 멋져요': '3', '매장이 청결해요': '3', '집중하기 좋아요': '3', '화장실이 깨끗해요': '2', '뷰가 좋아요': '2', '좌석이 편해요': '1', '사진이 잘 나와요': '1', '특별한 메뉴가 있어요': '1'}"""
154,154,중방동 애프터밀,애프터밀,초기값,74,31,경북 경산시 중앙로17길 3 1층,NO INFO,0507-1355-8953,https://www.instagram.com/cafe_aftermeal,"""NO INFO""",공사중,"""{'커피가 맛있어요': '44', '디저트가 맛있어요': '38', '친절해요': '29', '음료가 맛있어요': '21'}"""
155,155,중방동 카페포스트스토리,포스트스토리,초기값,166,31,경북 경산시 중앙로17길 67,12:00 - 22:00,0507-1407-3380,NO INFO,"""향기로운커피와수제청음료와생과일주스 건강한메뉴구성과함께사랑하는이에게손편지를보낼수있는중방동맛집카페 포스트스토리""",공사중,"""{'커피가 맛있어요': '44', '음료가 맛있어요': '39', '친절해요': '36', '디저트가 맛있어요': '26'}"""
156,156,진량읍 카페리우,카페리우,4.45,208,초기값,경북 경산시 진량읍 공단1로 28-1,11:00 - 23:00,053-852-1964,NO INFO,"""NO INFO""",공사중,"""{'커피가 맛있어요': '91', '친절해요': '31', '음료가 맛있어요': '29', '디저트가 맛있어요': '21', '매장이 청결해요': '17'}"""
157,157,진량읍 크리미넛,크리미넛,4.9,432,38,경북 경산시 진량읍 공단1로 45,NO INFO,0507-1364-9702,https://www.instagram.com/creamy__nut,"""크리미넛 도넛은 반죽부터 크림까지 모두 직접 만드는 수제 크림도넛샵입니다. 
모든 디저트는 당일생산 / 당일판매를 원칙으로 합니다. 
맛있는 도넛과 함께 행복한 하루 보내세요 :)""",공사중,"""{'커피가 맛있어요': '223', '디저트가 맛있어요': '133', '친절해요': '71', '음료가 맛있어요': '55', '가성비가 좋아요': '30'}"""
158,158,진량읍 카페리코 진량점,카페리코 진량점,4.33,87,초기값,경북 경산시 진량읍 공단1로 51,08:00 - 24:00,0507-1436-8867,NO INFO,"""NO INFO""",공사중,"""{'커피가 맛있어요': '19', '음료가 맛있어요': '10', '친절해요': '6', '디저트가 맛있어요': '4', '좌석이 편해요': '2'}"""
159,159,진량읍 다라케이크,다라케이크,초기값,19,8,경북 경산시 진량읍 공단1로1길 6-8 1층,NO INFO,0507-1379-9328,https://www.instagram.com/__daracake,"""좋은 재료로 정성껏 만드는 수제케이크 샵입니다:)""",공사중,"""{'디저트가 맛있어요': '12', '선물하기 좋아요': '9', '친절해요': '8', '가성비가 좋아요': '5'}"""
160,160,자인면 파라글로우,파라글로우,4.58,1695,438,경북 경산시 진량읍 공단7로 3 2층,10:00 - 22:00,0507-1356-9609,NO INFO,"""커피, 베이커리 브런치를 한곳에서 즐기실 수 있는 경산카페.
유니크한 북유럽 감성카페.
베이커리 10,000원 이상 구매 시, 아메리카노 1잔 무료! 
모든음료 테이크아웃 500원 할인!

경산맛집. 경산브런치카페. 경산베이커리카페.""",공사중,"""{'커피가 맛있어요': '388', '디저트가 맛있어요': '375', '인테리어가 멋져요': '355', '뷰가 좋아요': '289', '음료가 맛있어요': '252'}"""
161,161,진량읍 스윗데일리,스윗데일리,4.88,102,71,경북 경산시 진량읍 낙산길 45-8 스윗데일리,11:30 - 18:30,053-851-4521,http://instagram.com/cafe_sweet_daily,"""진량에 작고 이쁘고 한적하며 맛있는디저트와 커피 그리고 특제 소스와 함께하는 샌드위치 까지 있어요~^^""",공사중,"""{'디저트가 맛있어요': '76', '친절해요': '56', '커피가 맛있어요': '37', '음료가 맛있어요': '32', '매장이 청결해요': '32'}"""
162,162,진량읍 메가MGC커피 대구대학점,메가MGC커피 대구대학점,4.58,945,초기값,경북 경산시 진량읍 대구대로 244 1층 메가커피,08:20 - 22:30,0507-1314-9032,NO INFO,"""MEGA MGC COFFEE는 커피 및 음료 전문점으로 TA KE OUT 방식의 장소를 불문하고 편안하게 드실 수 있 는 BIG SIZE의 컵에 많은 양을 오랫동안 즐기실...""",공사중,"""{'커피가 맛있어요': '258', '음료가 맛있어요': '191', '가성비가 좋아요': '186', '친절해요': '121', '디저트가 맛있어요': '83'}"""
163,163,진량읍 오위커피,오위커피,4.5,44,51,경북 경산시 진량읍 대구대로 252-10 2층,11:00 - 21:00,0507-1425-4774,http://instagram.com/cafe_moohwa,"""NO INFO""",공사중,"""{'커피가 맛있어요': '17', '디저트가 맛있어요': '9', '음료가 맛있어요': '9', '친절해요': '8', '매장이 청결해요': '6'}"""
164,164,진량읍 디나폴리,디나폴리카페,초기값,27,26,경북 경산시 진량읍 대구대로 290-1,11:00 - 00:30,053-851-1991,NO INFO,"""피자,사이드메뉴,커피,빵""",공사중,"""{'친절해요': '8', '가성비가 좋아요': '4', '디저트가 맛있어요': '3', '특별한 메뉴가 있어요': '3'}"""
165,165,진량읍 러빗커피,러빗커피,초기값,39,7,경북 경산시 진량읍 대구대로60길 5-10 1층 러빗커피,08:00 - 21:30,053-853-1333,NO INFO,"""NO INFO""",공사중,"""{'커피가 맛있어요': '18', '음료가 맛있어요': '16', '가성비가 좋아요': '15', '친절해요': '14'}"""
166,166,진량읍 포포모모,포포모모,초기값,15,15,경북 경산시 진량읍 대학로 1052,NO INFO,0506-445-7979,https://smartstore.naver.com/popomomo,"""경산 진량에서 유일한 수제쿠키전문점 '포포모모'입니 다 매일 아침 직접 만드는 수제쿠키들을 만나보세요 < 쿠키라인업> -쇼콜라가나슈(best) -오레오스...""",공사중,"""{'디저트가 맛있어요': '12', '특별한 메뉴가 있어요': '8', '친절해요': '6', '인테리어가 멋져요': '4'}"""
167,167,진량읍 쏠크,카페쏠크,4.35,299,93,경북 경산시 진량읍 봉황길 75,10:00 - 24:00,0507-1307-5977,https://cafessorc.modoo.at/,"""맛있는 커피가 하루를 좀 더 행복하게 하는 “카페쏠크”입니다.
커피도 음식이기에 최상급 생두로 직접 로스팅하여 맛있고, 건강한 커피를 추구합니다.
7년째 지역 주민들에게 큰 사랑을 받고 있고 따뜻한 분위기의 인테리어로 애기부터 어른들까지 
다양한 연령대의 방문손님이 장점입니다.

*스페셜티 핸드드립 전문카페
(매장에서 바로 볶아서 사용, 온라인 판매 계획중, 원두&드립백 전국택배발송)
*경산 옥산동에 로스팅 공장운영중(원두주문 및 대량생산 납품 가능)
*30대 이상 대형주차장
*배달가능""",공사중,"""{'커피가 맛있어요': '88', '음료가 맛있어요': '52', '디저트가 맛있어요': '51', '친절해요': '50', '대화하기 좋아요': '41'}"""
168,168,진량읍 커피리안,커피리안 & 리안베이킹,초기값,36,7,"경북 경산시 진량읍 봉회1길 26 영남신학대학B동 1,2층 유리건물",NO INFO,010-4745-0146,https://smartstore.naver.com/rian,"""NO INFO""",공사중,"""{'커피가 맛있어요': '11', '음료가 맛있어요': '10', '친절해요': '8', '디저트가 맛있어요': '6'}"""
169,169,진량읍 캔버스 진량호반점,캔버스 진량호반점,4.5,100,초기값,경북 경산시 진량읍 선항4길 27 1층,10:00 - 21:00,010-8695-8168,NO INFO,"""NO INFO""",공사중,"""{'커피가 맛있어요': '27', '음료가 맛있어요': '18', '가성비가 좋아요': '18', '매장이 청결해요': '16', '친절해요': '13'}"""
170,170,진량읍 카페5번가,카페5번가,4.51,156,초기값,경북 경산시 진량읍 신상리 206-8,10:00 - 23:00,053-857-9555,http://cafe.naver.com/cafe5th,"""NO INFO""",공사중,"""{'커피가 맛있어요': '24', '친절해요': '23', '디저트가 맛있어요': '16', '음료가 맛있어요': '8', '대화하기 좋아요': '7'}"""
171,171,진량읍 워미스트,워미스트,4.54,52,41,경북 경산시 진량읍 영청길 26 201동 105호(선화청구타운상가),11:00 - 22:00,010-8899-5955,http://www.instagram.com/cafe_warmest,"""NO INFO""",공사중,"""{'친절해요': '11', '빵이 맛있어요': '6', '커피가 맛있어요': '6', '매장이 청결해요': '5', '대화하기 좋아요': '5'}"""
172,172,진량읍 컴포즈커피 진량이안점,컴포즈커피 진량이안점,초기값,89,2,경북 경산시 진량읍 일연로 745-1 1층,08:00 - 22:00,053-853-9998,https://composecoffee.com/,"""NO INFO""",공사중,"""{'커피가 맛있어요': '64', '가성비가 좋아요': '59', '친절해요': '54', '음료가 맛있어요': '44'}"""
173,173,진량읍 카페테라스,카페테라스,초기값,42,14,경북 경산시 진량읍 일연로 745-20 카페테라스,NO INFO,010-4446-9009,https://www.instagram.com/cocoa_kkot,"""THE TERRACE
플라워 카페로 고소하고 맛있는 커피도 같이하는
매장입니다
생화는 예약제로 운영합니다 참고 부탁드려요

[코코아화원2호점]
경산꽃집 진량꽃집 하양꽃집 대구대꽃집
[카톡ID : terracejj]
영업시간 (월~토 10:00am~20:00pm,
첫째,셋째 일요일 휴무)""",공사중,"""{'친절해요': '5', '대화하기 좋아요': '3', '커피가 맛있어요': '2', '음료가 맛있어요': '2'}"""
174,174,자인면 카페돌코롱,CAFE 돌코롱,초기값,346,165,경북 경산시 진량읍 황제1길 98-5 한옥,12:00 - 21:00,053-851-3512,https://www.instagram.com/cafe_dolcorong,"""고즈넉한 제주 컨셉의 한옥카페로 직접 만든 수제청 음료와 시그니처 메뉴인 돌코롱, 코소롱 크림 라떼 그리고 간단히 드실 수 있는 수제 베이커리류를 제공해드리고 있습니다. 좌식룸이 있어 담소를 나누시기에도 적합합니다.""",공사중,"""{'인테리어가 멋져요': '156', '커피가 맛있어요': '147', '친절해요': '102', '사진이 잘 나와요': '83'}"""
175,175,북부동 13월,13월의카페,초기값,10,4,경북 경산시 청운1로 11 13월의카페,11:00 - 23:00,0507-1360-1151,NO INFO,"""저희 13월의 카페의 자랑거리! 1.과제를 할수있는 공간 도 별도로 마련되어 있습니다! 2.매일! 매시간! 테이블 교체시 주기적으로 청소,소독 진행합니다! 3.中...""",공사중,"""{'친절해요': '4', '커피가 맛있어요': '3', '디저트가 맛있어요': '2', '가성비가 좋아요': '2'}"""
176,176,압량읍 카페트리즈,카페 트리즈,4.41,252,170,경북 경산시 청운1로 14 카페트리즈,12:00 - 01:00,053-817-1285,NO INFO,"""파스타와 필라프등 식사와 브런치 메뉴가 유명한, 어느 유럽 미술관에 있을 것 같은 느낌의 계단 인테리어가 인상적인 2층 카페입니다. 넓고 편한 의자와 책상이 많아 낮에는 공부와 스터디를 위한 장소로, 저녁이 되면 편하게 앉아 시원한 맥주를 한잔하며 시간을 보낼 수 있는 곳입니다.""",공사중,"""{'커피가 맛있어요': '42', '친절해요': '32', '집중하기 좋아요': '31', '디저트가 맛있어요': '29', '대화하기 좋아요': '29'}"""
177,177,북부동 카페유로,카페유로,4.5,47,50,경북 경산시 청운1로 15 1층,11:00 - 01:00,0507-0289-3023,https://100원커피이벤트-선착순주문하기.com,"""수제쿠키, 파이등과 유럽여행에 관한 모든 정보를 훈훈한 사장님게 물어볼수 있는 유럽 전문가가 있는 고급스러운 카페 입니다""",공사중,"""{'친절해요': '8', '커피가 맛있어요': '6', '디저트가 맛있어요': '5', '음료가 맛있어요': '4', '인테리어가 멋져요': '4', '집중하기 좋아요': '4', '특별한 메뉴가 있어요': '3', '매장이 청결해요': '3', '대화하기 좋아요': '2', '화장실이 깨끗해요': '2', '사진이 잘 나와요': '1', '가성비가 좋아요': '1', '뷰가 좋아요': '1'}"""
178,178,북부동 레프트뱅크,레프트뱅크 영남대점,4.63,129,10,경북 경산시 청운1로 34 1층 레프트뱅크 카페,NO INFO,053-817-2130,http://instagram.com/left.bank.coffee_yu,"""레프트뱅크 영남대점
-경북 경산시 조영동 581-9
- OPEN 08:00 - CLOSE : 02:00
(배달의 민족 : 레프트뱅크 영남대점 )
안녕하세요! 새롭게 오픈한
LEFT BANK 영남대점 입니다 :)
정성을 다해 최고의 음료와 디저트를 제공하겠습니다 !!!""",공사중,"""{'커피가 맛있어요': '64', '친절해요': '41', '가성비가 좋아요': '39', '음료가 맛있어요': '37', '디저트가 맛있어요': '12'}"""
179,179,북부동 카페 그리닐리,카페 그리닐리,4.88,42,12,경북 경산시 청운1로 5 카페 그리닐리,"11:00 - 02:00
01:00 라스트오더",010-9568-1347,https://lookmepresent.modoo.at,"""좀 더 나은 나 자신과 지구를 위해 생겨난 카페 그리닐리 는 환경을 생각해 생분해 플라스틱과 재생지를 사용하 고, 건강을 생각해 비건 쿠키와 수제 디저트를 만...""",공사중,"""{'친절해요': '12', '디저트가 맛있어요': '10', '음료가 맛있어요': '9', '매장이 청결해요': '7', '커피가 맛있어요': '6'}"""
180,180,압량읍 온어데일리,온어데일리,4.44,337,304,경북 경산시 청운로 12 온어데일리,12:00 - 22:00,0507-1373-0039,NO INFO,"""NO INFO""",공사중,"""{'친절해요': '42', '음료가 맛있어요': '38', '매장이 청결해요': '37', '커피가 맛있어요': '33', '디저트가 맛있어요': '30'}"""
181,181,압량읍 스타벅스 영남대점,스타벅스 영남대점,4.55,2489,110,경북 경산시 청운로 16,09:00 - 21:30,1522-3232,http://www.starbucks.co.kr/,"""주차불가(주차장없음)""",공사중,"""{'커피가 맛있어요': '484', '친절해요': '321', '음료가 맛있어요': '318', '디저트가 맛있어요': '205', '매장이 청결해요': '179', '집중하기 좋아요': '158', '대화하기 좋아요': '105', '좌석이 편해요': '90', '특별한 메뉴가 있어요': '60', '화장실이 깨끗해요': '53', '인테리어가 멋져요': '43', '가성비가 좋아요': '35', '사진이 잘 나와요': '21', '주차하기 편해요': '20', '뷰가 좋아요': '18', '매장이 넓어요': '3', '차분한 분위기에요': '2'}"""
182,182,북부동 코너 커피 Corner Coffee,코너커피,초기값,24,10,경북 경산시 청운로 31 (조영동) 1층 코너커피,NO INFO,0507-1347-2477,https://www.instagram.com/cornercoffee.coco,"""안녕하세요. 경산 조영동[영남대]에 오렌지타운 위치해 있는 베이커리 카페 '코너커피'입니다.

항상 방문해 주시는 고객님들께 좋은 서비스와 맛있는 수제 디저트로 보답해 드리겠습니다 :)

ㅁ모든 디저트와 베이커리 메뉴는 반죽부터 베이킹까지 100% 수제로 만들며, 프랑스의 프리미엄 버터 브랜드인 프레지덩 버터 등 좋은 재료들만 엄선해 사용합니다.[휘낭시에, 마들렌, 아메리칸쿠키,바스크치즈케이크 등 다양한 메뉴 구성으로 취향에 맞게 즐기실 수 있습니다]

ㅁ지리,기후 등 특별한 환경에서 자란 커피 중 SCAA스페셜티 협회의 검수를 거쳐 기준 점수 80점 이상을 받은 우수한 등급의 커피인 스페셜티 원두를 사용 합니다.

단체주문 및 문의사항은 전화 주시면 자세히 안내해 드리겠습니다.

저희 '코너커피'는 항상 방문해 주시는 고객님들께 좋은 재료들만 사용한 수제 디저트와 베이커리, 좋은 커피만을 제공해 드릴 것을 약속 드립니다:)""",공사중,"""{'음료가 맛있어요': '15', '커피가 맛있어요': '13', '친절해요': '13', '인테리어가 멋져요': '8'}"""
183,183,북부동 카페로띠르,카페 로띠르,초기값,39,30,경북 경산시 청운로 65 1층,12:00 - 01:00,0507-1323-6226,https://www.instagram.com/rotir_cafe,"""경산 수제 구움과자&과일청 가게입니다!
구움과자는 매일 아침 수제로 만들며 당일생산, 당일판매하고 있어요.

단체주문/답례품 문의 환영합니다:)""",공사중,"""{'디저트가 맛있어요': '37', '친절해요': '26', '음료가 맛있어요': '24', '커피가 맛있어요': '17', '가성비가 좋아요': '14', '특별한 메뉴가 있어요': '14', '매장이 청결해요': '14', '인테리어가 멋져요': '6', '아늑해요': '2', '메뉴 구성이 알차요': '2', '사진이 잘 나와요': '2', '집중하기 좋아요': '2', '빵이 맛있어요': '1', '음식이 맛있어요': '1', '음악이 좋아요': '1'}"""
184,184,서부2동 몰리밀키,몰리밀키,초기값,123,44,경북 경산시 펜타힐즈2로 17 경동빌딩 118호,11:00 - 20:00,0507-1335-5370,https://www.instagram.com/molly_milky__,"""<<<크림도넛은 오후1시에 나옵니다!>>>
2022년 3월 오픈한 경산펜타힐즈 디저트카페입니다.
 (유사상표는 저희와 전혀관계없음을 알립니다)

사소한 잼부터 모든재료를 직접만들고 베이킹하고있답니다 :)

크림도넛/쿠키/휘낭시에/소금빵/케이크/커피,음료""",공사중,"""{'디저트가 맛있어요': '99', '친절해요': '63', '매장이 청결해요': '39', '커피가 맛있어요': '37'}"""
185,185,서부2동 하이오커피,하이오커피 경산펜타힐즈점,4.35,388,22,경북 경산시 펜타힐즈2로 27 105호,NO INFO,0507-0284-4704,https://100원커피이벤트-선착순주문하기.com,"""저희 매장은 [패스오더 앱]으로 편하게 주문이 가능한 매장입니다!
앱으로 미리 주문하고 방문 후 기다리지 않는 VIP 경험을 가져보세요!""",공사중,"""{'커피가 맛있어요': '202', '친절해요': '136', '음료가 맛있어요': '99', '가성비가 좋아요': '95', '매장이 청결해요': '57'}"""
186,186,서부2동 카페플랜 경산점,플랜 경산점,초기값,69,28,경북 경산시 펜타힐즈2로 41 111호,09:00 - 23:00,053-817-7077,NO INFO,"""안녕하세요?플랜경산점 입니다. 펜타힐즈 더샵 2차 맞은편에 위치해 있습니다. 매장안에 홀도 있으니 많은 이용 부탁드립니다.""",공사중,"""{'커피가 맛있어요': '49', '음료가 맛있어요': '39', '친절해요': '35', '가성비가 좋아요': '34'}"""
187,187,서부2동 핸썸커피 중산점,핸썸커피 중산점,4.45,277,17,경북 경산시 펜타힐즈2로 57 114호 핸썸커피 중산점,08:00 - 22:00,0507-0289-4174,https://100원커피이벤트-선착순주문하기.com,"""HANDSOME COFFEE 핸드메이드와 썸을 타다.
고객을 Vip로 모신다는 마음가짐으로 블랜딩을 만들었습니다. 품격있고 우아한 맛과 향을 가진 스페셜티 커피와 매일 직접 구워내는 베이커리를 착한가격에 드립니다~ 디카페인도 있습니다.
커피 전 메뉴 디카페인 변경 가능.""",공사중,"""{'커피가 맛있어요': '84', '음료가 맛있어요': '50', '디저트가 맛있어요': '46', '가성비가 좋아요': '27', '친절해요': '24', '매장이 청결해요': '17', '특별한 메뉴가 있어요': '15', '대화하기 좋아요': '9', '좌석이 편해요': '3', '인테리어가 멋져요': '3', '주차하기 편해요': '2', '화장실이 깨끗해요': '2', '뷰가 좋아요': '2', '사진이 잘 나와요': '1', '집중하기 좋아요': '1'}"""
188,188,서부2동 캔버스 중산점,캔버스 중산점,초기값,129,7,경북 경산시 펜타힐즈2로 57 펜타힐즈SM타워 112호,07:00 - 22:00,0507-877-3619,https://100원커피이벤트-선착순주문하기.com,"""카페캔버스 중산점 입니다
고급원두커피와 좋은재료의 맛있는 음료,디저트를 저렴한 가격으로 제공하고자 노력합니다^^*
Tall size(기본 1샷)~1L size(기본 4샷)
* 샷추가 가능!""",공사중,"""{'커피가 맛있어요': '54', '음료가 맛있어요': '41', '가성비가 좋아요': '38', '디저트가 맛있어요': '33'}"""
189,189,서부2동 치타커피 2호점,치타커피 펜타힐즈점,초기값,734,9,경북 경산시 펜타힐즈로 74 103호,"07:00 - 22:00
21:30 라스트오더",053-815-9006,https://www.instagram.com/cheetaah_coffee,"""안녕하세요 치타커피펜타힐즈점입니다!
직접 로스팅한 신선한 커피를 저렴한 가격에 제공해 드리구 있답니다 :)
늘 정성을 가득 담겠습니다 :)
감사합니다!""",공사중,"""{'커피가 맛있어요': '511', '친절해요': '393', '음료가 맛있어요': '363', '가성비가 좋아요': '362'}"""
190,190,하양읍 스테디커피,스테디커피경일대점,4.7,52,초기값,경북 경산시 하양읍 가마실길 50 경일대학교 목련관기숙사 1층,NO INFO,010-9350-2184,NO INFO,"""NO INFO""",공사중,"""{'커피가 맛있어요': '14', '음료가 맛있어요': '8', '친절해요': '8', '매장이 청결해요': '5', '가성비가 좋아요': '4'}"""
191,191,하양읍 구스켓인더크로플 하양점,구스켓 인 더 크로플 하양점,초기값,50,11,경북 경산시 하양읍 금송로 2-1 1층 구스켓인더크로플 하양점,NO INFO,0507-1365-2783,https://www.instagram.com/koosket_in_the_croffle_hayang?igshid=MDM4ZDc5MmU=,"""크로플 전문점 구스켓 인 더 크로플 하양점 입니다. 저희 매장은 크로플을 미리 구워 두지 않고, 주문 즉시 구워 드리고 있습니다. 굽는 시간은 10-15분 정도 소...""",공사중,"""{'디저트가 맛있어요': '35', '음료가 맛있어요': '25', '친절해요': '23', '매장이 청결해요': '16'}"""
192,192,와촌면 커피키친한일,커피키친한일,초기값,566,345,경북 경산시 하양읍 금송로 62,10:00 - 21:00,070-7706-6212,https://www.instagram.com/________hanill,"""1963년 먼 이국땅에서 온 서양 여성과
이 땅의 사람들이 만나 한 시대의 소명을 살았던 공간에서
2021년 커피키친 한일이 새로운 시간을 이어갑니다.

' Go local '을 추구하며
커피키친 한일은 이 땅의 식재료로
건강한 테이블을 준비하려 합니다.

오래된 건축 공간에서
시간의 계단을 걸으며.

커피와 티, 그리고 브런치_커피키친 한일""",공사중,"""{'인테리어가 멋져요': '233', '커피가 맛있어요': '166', '주차하기 편해요': '129', '디저트가 맛있어요': '116'}"""
193,193,와촌면 우유니커피,우유니커피,초기값,46,9,경북 경산시 하양읍 대경로147길 22,NO INFO,010-2506-4337,NO INFO,"""일요 버스킹 준비중입니다.""",공사중,"""{'커피가 맛있어요': '38', '친절해요': '25', '매장이 청결해요': '14', '음료가 맛있어요': '11'}"""
194,194,하양읍 커피맘,커피맘,4.7,56,초기값,경북 경산시 하양읍 대경로159길 23-1,10:00 - 24:00,053-853-9003,NO INFO,"""NO INFO""",공사중,"""{'커피가 맛있어요': '18', '음료가 맛있어요': '7', '친절해요': '7', '가성비가 좋아요': '2', '매장이 청결해요': '2'}"""
195,195,하양읍 카페빈트리,카페빈트리,4.49,198,초기값,경북 경산시 하양읍 대경로159길 30 동서빌딩 1층 102호 카페빈트리,NO INFO,0507-1310-3310,NO INFO,"""NO INFO""",공사중,"""{'커피가 맛있어요': '62', '음료가 맛있어요': '28', '매장이 청결해요': '25', '친절해요': '18', '대화하기 좋아요': '17'}"""
196,196,와촌면 미라벨,미라벨,4.47,516,66,경북 경산시 하양읍 대곡로 65-11,10:00 - 22:00,0507-1324-2436,http://www.instagram.com/cafe.mirabelle,"""- 2층/3층 No Kids Zone(노키즈존) - 금지: 건물 내 흡연, 애완동물, 외부음식 - 대관문의 @cafe.mirabelle DM""",공사중,"""{'커피가 맛있어요': '91', '대화하기 좋아요': '64', '주차하기 편해요': '56', '디저트가 맛있어요': '52', '음료가 맛있어요': '46'}"""
197,197,하양읍 제이블랑,제이블랑,초기값,200,35,경북 경산시 하양읍 대학로 1517,09:00 - 22:30,0507-1320-8800,NO INFO,"""하양 베이커리 까페 제이블랑""",공사중,"""{'디저트가 맛있어요': '69', '친절해요': '60', '주차하기 편해요': '58', '커피가 맛있어요': '55'}"""
198,198,와촌면 마사커피 하양점,마사커피 하양점,4.67,674,32,경북 경산시 하양읍 대학로 1527 마사커피,09:00 - 23:00,0507-1434-5788,https://blog.naver.com/ppkotu12,"""안녕하세요 마사커피입니다. 친절하고 정직한맛으로 고객분들에게 대접하겠습니다. 많은 방문부탁드리겠습니다^^""",공사중,"""{'디저트가 맛있어요': '216', '커피가 맛있어요': '172', '친절해요': '159', '음료가 맛있어요': '120', '매장이 청결해요': '97'}"""
199,199,하양읍 요거트월드 하양점,요거트월드 하양점,초기값,170,52,경북 경산시 하양읍 대학로305길 51-2 2층 요거트월드,11:00 - 00:50,0508-8189-1519,NO INFO,"""''700만 유투버'' 쯔양님 촬영 현장 !!!!

1등급 우유와 최상급 유산균 베이스로 만든 요거트아이스크림, 그릭요거트 전문점 요거트월드입니다. >_<

- 텁텁한 속을 소화제처럼 진정시켜주는 시-원 깔-끔 요거트아이스크림
- 무설탕, 무가당 꾸-덕 꾸-덕 그릭요거트
- 다양한 토핑을 나만의 조합으로! 커스텀 아이스크림, 그릭요거트!
- 커스텀이 어려우신 분들을 위한 세트메뉴까지!

저희 요거트월드는 여러분의 바쁜 일상 속에서 건강하고 맛있는 디저트로 힐링과 행복을 드리기 위해 활짝 열려있을 것을 약속드립니다. ㅎㅎ""",공사중,"""{'디저트가 맛있어요': '124', '친절해요': '60', '매장이 청결해요': '48', '인테리어가 멋져요': '42'}"""
200,200,와촌면 카페엘엘엘,카페 엘엘엘,초기값,144,76,경북 경산시 하양읍 도리길 3 카페 lll 2층,NO INFO,0507-1406-2134,https://www.instagram.com/cafe_lll_,"""하양읍에 위치한 주택개조카페로, 카페 주인과 같은 나이인 오래된 집을 약 반 년 간 하나하나 손 봤습니다.
소품은 물론이고, 메뉴의 모든 음료에 정성을 쏟았습니다. 저희에게 이 카페가 소중한 만큼 방문해주시는 분들께도 행복함을 선물하겠습니다.
많은 방문 부탁드려요 :-)""",공사중,"""{'친절해요': '89', '커피가 맛있어요': '80', '인테리어가 멋져요': '63', '디저트가 맛있어요': '51'}"""
201,201,하양읍 게으른농담,게으른농담,초기값,35,40,경북 경산시 하양읍 동서1길 30-3,13:00 - 22:00,0507-1376-4571,https://blog.naver.com/magritte1010,"""사장님 웃김""",공사중,"""{'화장실이 깨끗해요': '17', '친절해요': '6', '인테리어가 멋져요': '5', '커피가 맛있어요': '4'}"""
202,202,와촌면 다방물볕,다방물볕,4.69,243,127,경북 경산시 하양읍 무학로 8,08:00 - 22:00,010-8101-2414,https://www.instagram.com/meulbeut/,"""NO INFO""",공사중,"""{'커피가 맛있어요': '99', '인테리어가 멋져요': '87', '친절해요': '64', '매장이 청결해요': '51', '음료가 맛있어요': '40'}"""
203,203,하양읍 커피홀베이커리 경산하양점,커피홀베이커리 경산하양점,4.58,68,16,경북 경산시 하양읍 문화로 20-2 2층 커피홀,NO INFO,0507-1497-1334,http://coffeehole.co.kr/,"""NO INFO""",공사중,"""{'커피가 맛있어요': '10', '빵이 맛있어요': '9', '매장이 청결해요': '6', '음료가 맛있어요': '5', '친절해요': '5'}"""
204,204,하양읍 마실커피 하양점,마실커피 하양점,4.6,474,66,경북 경산시 하양읍 문화로 3 105동 122호 마실커피,NO INFO,0507-1402-5800,NO INFO,"""NO INFO""",공사중,"""{'커피가 맛있어요': '225', '음료가 맛있어요': '185', '가성비가 좋아요': '180', '친절해요': '148', '매장이 청결해요': '73'}"""
205,205,와촌면 올더모어,올더모어,초기값,357,207,경북 경산시 하양읍 문화로 90,"08:00 - 23:00
22:30 라스트오더",0507-1328-3390,NO INFO,"""nan""",공사중,"""{'커피가 맛있어요': '93', '인테리어가 멋져요': '55', '디저트가 맛있어요': '44', '친절해요': '43'}"""
206,206,하양읍 오아시스세이,오아시스세이,초기값,224,254,경북 경산시 하양읍 문화로2길 4-3 오아시스세이,NO INFO,0507-1365-2513,https://www.instagram.com/oasissay,"""hi, I:m oasissay

* Care kids *
아이들이 뛰어놀기엔 떨어질 수 있거나
위험한 구간이 많기에
노 키즈 존으로 운영할 수 밖에 없었습니다.""",공사중,"""{'커피가 맛있어요': '120', '인테리어가 멋져요': '119', '디저트가 맛있어요': '90', '음료가 맛있어요': '66'}"""
207,207,하양읍 윤당(YOONDANG),윤당,초기값,32,11,경북 경산시 하양읍 문화로4길 35 1층,10:30 - 18:00,0507-1324-8346,https://www.instagram.com/,"""수제 디저트 전문점 윤당입니다.

-티라미수-
시트(레이디핑거)를 시판제품을 쓰지 않습니다.
매장에서 구워서 사용해서 더 맛있고 믿을 수 있습니다.
이태리산 마스카포네치즈,동물성 생크림으로 크림을 만들어서 꾸덕하고 살살 녹아요~
여러가지 토핑으로 다양한 티라미수를 즐기실수 있어요.

-당근 컵케이크-
(오일x)버터,국산당근,아몬드,동물성 생크림등 좋은 재료로 만드는
남녀노소 누구나 즐길수 있는
대표 디저트입니다.

-딸기무스케이크-
찐한 브라우니,꾸덕 촉촉한 크림치즈와
부드럽게 입안에서 녹는
새콤달콤한 딸기무스크림의
3단구성 케이크입니다.
도시락케이크 사이즈입니다.
생일케이크로 추천합니다.
라즈베리콩포트랑 같이 드시면 상큼함까지 느낄 수 있어요.

-윤당 아몬드 크림라떼-
고소한 아몬드 크림과 진한 커피맛을 느껴보세요.

좋은 재료를 사용해서 언제나 정성껏 만들겠습니다.""",공사중,"""{'디저트가 맛있어요': '32', '친절해요': '23', '아늑해요': '14', '특별한 메뉴가 있어요': '14'}"""
208,208,와촌면 몬스터커피 경산 하양점,몬스터커피 하양점,초기값,195,5,경북 경산시 하양읍 서사도리4로 5 1층 104호,08:00 - 22:00,0507-0289-4111,https://events.passorder.co.kr/100won-event-new,"""경산 하양 무학지구에 새로 생긴 몬스터커피 입니다!! ^^ 티라미수는 하루 세판 27조각만 판매하는중입니다!""",공사중,"""{'친절해요': '133', '커피가 맛있어요': '132', '음료가 맛있어요': '88', '매장이 청결해요': '77', '가성비가 좋아요': '67', '디저트가 맛있어요': '50', '특별한 메뉴가 있어요': '23', '인테리어가 멋져요': '17', '대화하기 좋아요': '14', '좌석이 편해요': '13', '주차하기 편해요': '13', '화장실이 깨끗해요': '13', '사진이 잘 나와요': '10', '집중하기 좋아요': '5', '뷰가 좋아요': '4'}"""
209,209,하양읍 커피당,커피당,초기값,32,10,경북 경산시 하양읍 서사도리6로 25 1층,"08:00 - 22:00
21:30 라스트오더",0507-1353-4763,https://www.instagram.com/coffeedang_0,"""저희 커피당은 경북 유일의 수공예 도자기 쇼룸과
카페 공간이 함께 준비되어 있어, 다양한 작품들과 음료 & 수제 디저트를 즐길 수 있는 다채로운 카페입니다.

커피당은 생방송 투데이와 성공의 정석 꾼에 출연한
부산대학교 교수님 이자 도예가 작가님이 직접 만든 잔을 사용합니다.
하나하나 색다른 컬러와 디자인의 슬릭 수제 도자기를 부산에서 이미 많은 분들께서 가지고 계시는 만큼, 선물 혹은 개인 컬렉팅 잔으로 잘 알려있습니다.

편안한 분위기에서 다양한 커피와 음료를 즐기시며, 다채로운 도자기를 구경하시고 자신과 귀한 분들께 드릴 선물을 초이스 하세요.

하양 최초 이색 카페 커피당에서 색다른 추억을 안고 가시길 바랍니다.""",공사중,"""{'커피가 맛있어요': '18', '인테리어가 멋져요': '12', '친절해요': '11', '매장이 청결해요': '11'}"""
210,210,와촌면 더벤티 경산하양점,더벤티 경산하양점,초기값,259,4,경북 경산시 하양읍 서사도리7로 21 107호(SG타워),07:30 - 24:00,053-857-6678,http://theventi.co.kr/,"""*매장 운영 시간 및 휴무일은 매장 별로 상이합니다. *위 메뉴 금액은 Take out 구매 기준입니다.""",공사중,"""{'커피가 맛있어요': '124', '가성비가 좋아요': '84', '친절해요': '75', '음료가 맛있어요': '71'}"""
211,211,하양읍 리더치(re더치),리더치,초기값,13,3,경북 경산시 하양읍 하양로 116 2층,NO INFO,0507-1432-3468,http://m.smartstore.naver.com/,"""전화 후 방문 부탁드립니다.""",공사중,"""{'친절해요': '7', '매장이 청결해요': '4', '가성비가 좋아요': '2', '대화하기 좋아요': '2'}"""
212,212,와촌면 비타민카페,비타민카페,초기값,26,6,경북 경산시 하양읍 하양로 161,08:00 - 21:00,053-857-8193,NO INFO,"""NO INFO""",공사중,"""{'음료가 맛있어요': '11', '가성비가 좋아요': '11', '커피가 맛있어요': '9', '디저트가 맛있어요': '8'}"""
213,213,하양읍 텐퍼센트커피 경산하양점,텐퍼센트커피 경산하양점,초기값,41,1,경북 경산시 하양읍 하양로 55,NO INFO,0507-877-3231,http://www.tenpercentcoffee.com/,"""저희 매장은 [패스오더 앱]으로 편하게 주문이 가능한 매장입니다! 앱으로 미리 주문하고 방문 후 기다리지 않는 VIP 경험을 가져보세요!""",공사중,"""{'커피가 맛있어요': '14', '음료가 맛있어요': '12', '친절해요': '12', '디저트가 맛있어요': '11', '가성비가 좋아요': '11', '특별한 메뉴가 있어요': '6', '매장이 청결해요': '5', '사진이 잘 나와요': '3', '집중하기 좋아요': '2', '대화하기 좋아요': '2'}"""
214,214,와촌면 메가MGC커피 경산하양점,메가MGC커피 경산하양점,4.57,1001,초기값,경북 경산시 하양읍 하양로 66,NO INFO,0507-1474-6201,NO INFO,"""NO INFO""",공사중,"""{'커피가 맛있어요': '269', '가성비가 좋아요': '189', '음료가 맛있어요': '159', '친절해요': '142', '매장이 청결해요': '58'}"""
215,215,하양읍 아마스빈 경산하양점,아마스빈 경산하양점,4.68,370,초기값,경북 경산시 하양읍 하양로 76,NO INFO,053-851-8955,http://amasvin.com/,"""NO INFO""",공사중,"""{'음료가 맛있어요': '99', '친절해요': '65', '가성비가 좋아요': '52', '커피가 맛있어요': '37', '매장이 청결해요': '24'}"""
216,216,하양읍 카페거기,카페거기,초기값,126,10,경북 경산시 하양읍 하양로 89 2층,NO INFO,0507-1374-7823,https://www.instagram.com/cafe_geogi,"""로스터마스터가 콩 볶고 커피지도사가 커피 내리는 카페. 매일 직접 굽는 다양한 수제 구움과자와 식빵 . 브런치 .모임 . 공간 디오 예약 가능""",공사중,"""{'커피가 맛있어요': '101', '친절해요': '75', '디저트가 맛있어요': '67', '주차하기 편해요': '52'}"""
217,217,하양읍 커피에반하다 경산하양점 스마트카페,커피에반하다 경산하양점 스마트 무인카페,4.55,142,14,경북 경산시 하양읍 하양로37길 24,NO INFO,070-4493-7699,NO INFO,"""NO INFO""",공사중,"""{'커피가 맛있어요': '42', '가성비가 좋아요': '31', '음료가 맛있어요': '18', '매장이 청결해요': '15', '친절해요': '12'}"""
218,218,와촌면 유투커피,유투커피,초기값,45,23,경북 경산시 하양읍 하양역길 30 2층,12:00 - 23:00,0507-1315-3428,https://www.instagram.com/,"""NO INFO""",공사중,"""{'커피가 맛있어요': '18', '친절해요': '18', '디저트가 맛있어요': '17', '음료가 맛있어요': '15'}"""
219,219,하양읍 해르트,해르트,4.88,31,29,경북 경산시 하양읍 하양역길 32 1층 맨 왼쪽 상가,NO INFO,010-9801-8021,http://instagram.com/hae_rt_,"""nan""",공사중,"""{'디저트가 맛있어요': '13', '친절해요': '7', '음료가 맛있어요': '6', '매장이 청결해요': '6', '커피가 맛있어요': '5'}"""
220,220,동부동 팬도로시대구한의대점,팬도로시대구한의대점,4.61,699,초기값,경북 경산시 한의대로 1,NO INFO,053-813-3575,NO INFO,"""NO INFO""",공사중,"""{'커피가 맛있어요': '108', '가성비가 좋아요': '93', '음료가 맛있어요': '64', '디저트가 맛있어요': '48', '친절해요': '45'}"""
221,221,남산면 파스마,파스마,초기값,2050,623,경북 경산시 한의대로 96 파스마카페,"09:00 - 22:30
22:00 라스트오더",070-7722-2222,https://www.instagram.com/pasma_cafe.official/?hl=ko,"""탁 트인 넓은 공간에서 취향에 맞는 커피와 아침마다 구 워내는 베이커리류, 디저트 든든한 브런치 등 다양하고 맛있는 음식을 즐길 수 있는 곳 카페 파스마 입니...""",공사중,"""{'커피가 맛있어요': '511', '디저트가 맛있어요': '425', '뷰가 좋아요': '348', '인테리어가 멋져요': '342'}"""
222,222,남산면 카페아델라인,카페아델라인,4.34,221,137,경북 경산시 화랑로 46,NO INFO,0507-1375-6261,http://www.instagram.com/cafe__adaline/,"""저희매장은 *간단한 식사메뉴 브런치*도 함께하고 있으며,
'스페셜티 원두'만 사용하고있습니다. 

깔끔하고 심플한 인테리어와 분위기로 하이앤드급 머신으로 추출한 맛있는 커피도 드셔보시고 
정성스럽게 내린 콜드브루, 맛있는 디저트들도 함께 드셔보세요.

'단체석'도 준비되어있으며 여성고객분들을위해 파우더룸도 준비되어 있습니다. 
'어린 아이들을 위한 좌식'도 준비되어있습니다. 
1층테라스도 준비되어 있으며 이쁜 사진들도 많이 찍을 수 있습니다. 

누구보다 고객분들을 위해 더 맛있는 메뉴들을 만들도록 노력하겠습니다.

단체석, 주차장 완비,식사 예약가능""",공사중,"""{'커피가 맛있어요': '43', '뷰가 좋아요': '27', '친절해요': '25', '음료가 맛있어요': '21', '대화하기 좋아요': '12'}"""
223,223,용성면 코스모스커피,코스모스커피,4.43,150,22,경북 청도군 금천면 금천로 718-3,10:00 - 18:00,054-373-8288,NO INFO,"""NO INFO""",공사중,"""{'커피가 맛있어요': '26', '친절해요': '20', '주차하기 편해요': '19', '디저트가 맛있어요': '16', '음료가 맛있어요': '15'}"""
224,224,남천면 퍼시몬9,Persimmon9,초기값,509,155,경북 청도군 화양읍 송금길 46-80,NO INFO,0507-1345-1717,https://www.instagram.com/persimmon._9,"""청도 와인터널에서 5분 이내, 물길이 흐르고 어린이 물놀이장이 있는 대형 브런치 카페입니다 :) * 햇살맛집 * 노을맛집 * 멋진 뷰 보러 오세요.""",공사중,"""{'뷰가 좋아요': '270', '커피가 맛있어요': '209', '친절해요': '188', '매장이 넓어요': '175'}"""
